date,vent_fleet,vents_in_use,pump_fleet,pumps_in_use,vent_util,pump_util,vent_stockout,pump_stockout
2023-01-01,36,15,340,350,0.4167,1.0294,0,1
2023-01-02,36,13,340,332,0.3611,0.9765,0,0
2023-01-03,36,11,340,340,0.3056,1.0,0,0
2023-01-04,36,13,340,321,0.3611,0.9441,0,0
2023-01-05,36,13,340,293,0.3611,0.8618,0,0
2023-01-06,36,12,340,344,0.3333,1.0118,0,1
2023-01-07,36,14,340,319,0.3889,0.9382,0,0
2023-01-08,36,15,340,337,0.4167,0.9912,0,0
2023-01-09,36,13,340,333,0.3611,0.9794,0,0
2023-01-10,36,12,340,351,0.3333,1.0324,0,1
2023-01-11,36,18,340,334,0.5,0.9824,0,0
2023-01-12,36,12,340,362,0.3333,1.0647,0,1
2023-01-13,36,11,340,326,0.3056,0.9588,0,0
2023-01-14,36,12,340,344,0.3333,1.0118,0,1
2023-01-15,36,14,340,295,0.3889,0.8676,0,0
2023-01-16,36,12,340,322,0.3333,0.9471,0,0
2023-01-17,36,14,340,364,0.3889,1.0706,0,1
2023-01-18,36,3,340,313,0.0833,0.9206,0,0
2023-01-19,36,10,340,335,0.2778,0.9853,0,0
2023-01-20,36,15,340,319,0.4167,0.9382,0,0
2023-01-21,36,10,340,352,0.2778,1.0353,0,1
2023-01-22,36,17,340,316,0.4722,0.9294,0,0
2023-01-23,36,9,340,352,0.25,1.0353,0,1
2023-01-24,36,13,340,350,0.3611,1.0294,0,1
2023-01-25,36,15,340,282,0.4167,0.8294,0,0
2023-01-26,36,12,340,337,0.3333,0.9912,0,0
2023-01-27,36,11,340,320,0.3056,0.9412,0,0
2023-01-28,36,13,340,312,0.3611,0.9176,0,0
2023-01-29,36,13,340,287,0.3611,0.8441,0,0
2023-01-30,36,13,340,308,0.3611,0.9059,0,0
2023-01-31,36,19,340,289,0.5278,0.85,0,0
2023-02-01,36,13,340,292,0.3611,0.8588,0,0
2023-02-02,36,18,340,330,0.5,0.9706,0,0
2023-02-03,36,12,340,330,0.3333,0.9706,0,0
2023-02-04,36,13,340,297,0.3611,0.8735,0,0
2023-02-05,36,11,340,272,0.3056,0.8,0,0
2023-02-06,36,12,340,320,0.3333,0.9412,0,0
2023-02-07,36,12,340,284,0.3333,0.8353,0,0
2023-02-08,36,14,340,331,0.3889,0.9735,0,0
2023-02-09,36,6,340,319,0.1667,0.9382,0,0
2023-02-10,36,13,340,321,0.3611,0.9441,0,0
2023-02-11,36,11,340,291,0.3056,0.8559,0,0
2023-02-12,36,11,340,333,0.3056,0.9794,0,0
2023-02-13,36,10,340,313,0.2778,0.9206,0,0
2023-02-14,36,7,340,305,0.1944,0.8971,0,0
2023-02-15,36,13,340,320,0.3611,0.9412,0,0
2023-02-16,36,16,340,328,0.4444,0.9647,0,0
2023-02-17,36,14,340,332,0.3889,0.9765,0,0
2023-02-18,36,13,340,357,0.3611,1.05,0,1
2023-02-19,36,11,340,303,0.3056,0.8912,0,0
2023-02-20,36,12,340,324,0.3333,0.9529,0,0
2023-02-21,36,12,340,342,0.3333,1.0059,0,1
2023-02-22,36,10,340,303,0.2778,0.8912,0,0
2023-02-23,36,14,340,321,0.3889,0.9441,0,0
2023-02-24,36,13,340,316,0.3611,0.9294,0,0
2023-02-25,36,14,340,317,0.3889,0.9324,0,0
2023-02-26,36,12,340,303,0.3333,0.8912,0,0
2023-02-27,36,13,340,315,0.3611,0.9265,0,0
2023-02-28,36,11,340,314,0.3056,0.9235,0,0
2023-03-01,36,10,340,330,0.2778,0.9706,0,0
2023-03-02,36,17,340,329,0.4722,0.9676,0,0
2023-03-03,36,9,340,334,0.25,0.9824,0,0
2023-03-04,36,12,340,315,0.3333,0.9265,0,0
2023-03-05,36,9,340,296,0.25,0.8706,0,0
2023-03-06,36,11,340,294,0.3056,0.8647,0,0
2023-03-07,36,6,340,320,0.1667,0.9412,0,0
2023-03-08,36,16,340,292,0.4444,0.8588,0,0
2023-03-09,36,7,340,270,0.1944,0.7941,0,0
2023-03-10,36,8,340,306,0.2222,0.9,0,0
2023-03-11,36,11,340,282,0.3056,0.8294,0,0
2023-03-12,36,7,340,278,0.1944,0.8176,0,0
2023-03-13,36,17,340,307,0.4722,0.9029,0,0
2023-03-14,36,9,340,324,0.25,0.9529,0,0
2023-03-15,36,8,340,315,0.2222,0.9265,0,0
2023-03-16,36,12,340,326,0.3333,0.9588,0,0
2023-03-17,36,11,340,301,0.3056,0.8853,0,0
2023-03-18,36,10,340,305,0.2778,0.8971,0,0
2023-03-19,36,8,340,270,0.2222,0.7941,0,0
2023-03-20,36,9,340,309,0.25,0.9088,0,0
2023-03-21,36,10,340,314,0.2778,0.9235,0,0
2023-03-22,36,7,340,321,0.1944,0.9441,0,0
2023-03-23,36,10,340,364,0.2778,1.0706,0,1
2023-03-24,36,8,340,304,0.2222,0.8941,0,0
2023-03-25,36,9,340,301,0.25,0.8853,0,0
2023-03-26,36,17,340,319,0.4722,0.9382,0,0
2023-03-27,36,15,340,285,0.4167,0.8382,0,0
2023-03-28,36,14,340,274,0.3889,0.8059,0,0
2023-03-29,36,7,340,301,0.1944,0.8853,0,0
2023-03-30,36,9,340,276,0.25,0.8118,0,0
2023-03-31,36,11,340,251,0.3056,0.7382,0,0
2023-04-01,36,10,340,261,0.2778,0.7676,0,0
2023-04-02,36,13,340,262,0.3611,0.7706,0,0
2023-04-03,36,12,340,282,0.3333,0.8294,0,0
2023-04-04,36,11,340,314,0.3056,0.9235,0,0
2023-04-05,36,12,340,318,0.3333,0.9353,0,0
2023-04-06,36,8,340,338,0.2222,0.9941,0,0
2023-04-07,36,9,340,301,0.25,0.8853,0,0
2023-04-08,36,11,340,313,0.3056,0.9206,0,0
2023-04-09,36,13,340,293,0.3611,0.8618,0,0
2023-04-10,36,20,340,322,0.5556,0.9471,0,0
2023-04-11,36,16,340,330,0.4444,0.9706,0,0
2023-04-12,36,10,340,337,0.2778,0.9912,0,0
2023-04-13,36,11,340,321,0.3056,0.9441,0,0
2023-04-14,36,6,340,318,0.1667,0.9353,0,0
2023-04-15,36,7,340,282,0.1944,0.8294,0,0
2023-04-16,36,11,340,273,0.3056,0.8029,0,0
2023-04-17,36,6,340,272,0.1667,0.8,0,0
2023-04-18,36,10,340,284,0.2778,0.8353,0,0
2023-04-19,36,12,340,259,0.3333,0.7618,0,0
2023-04-20,36,14,340,287,0.3889,0.8441,0,0
2023-04-21,36,15,340,280,0.4167,0.8235,0,0
2023-04-22,36,11,340,266,0.3056,0.7824,0,0
2023-04-23,36,10,340,262,0.2778,0.7706,0,0
2023-04-24,36,13,340,294,0.3611,0.8647,0,0
2023-04-25,36,16,340,295,0.4444,0.8676,0,0
2023-04-26,36,10,340,303,0.2778,0.8912,0,0
2023-04-27,36,16,340,293,0.4444,0.8618,0,0
2023-04-28,36,10,340,286,0.2778,0.8412,0,0
2023-04-29,36,17,340,274,0.4722,0.8059,0,0
2023-04-30,36,11,340,236,0.3056,0.6941,0,0
2023-05-01,36,15,340,286,0.4167,0.8412,0,0
2023-05-02,36,14,340,266,0.3889,0.7824,0,0
2023-05-03,36,11,340,291,0.3056,0.8559,0,0
2023-05-04,36,11,340,267,0.3056,0.7853,0,0
2023-05-05,36,7,340,306,0.1944,0.9,0,0
2023-05-06,36,9,340,270,0.25,0.7941,0,0
2023-05-07,36,10,340,303,0.2778,0.8912,0,0
2023-05-08,36,14,340,309,0.3889,0.9088,0,0
2023-05-09,36,14,340,293,0.3889,0.8618,0,0
2023-05-10,36,14,340,349,0.3889,1.0265,0,1
2023-05-11,36,14,340,341,0.3889,1.0029,0,1
2023-05-12,36,11,340,279,0.3056,0.8206,0,0
2023-05-13,36,12,340,274,0.3333,0.8059,0,0
2023-05-14,36,5,340,294,0.1389,0.8647,0,0
2023-05-15,36,9,340,279,0.25,0.8206,0,0
2023-05-16,36,15,340,337,0.4167,0.9912,0,0
2023-05-17,36,12,340,312,0.3333,0.9176,0,0
2023-05-18,36,14,340,317,0.3889,0.9324,0,0
2023-05-19,36,11,340,333,0.3056,0.9794,0,0
2023-05-20,36,13,340,312,0.3611,0.9176,0,0
2023-05-21,36,9,340,279,0.25,0.8206,0,0
2023-05-22,36,12,340,254,0.3333,0.7471,0,0
2023-05-23,36,8,340,254,0.2222,0.7471,0,0
2023-05-24,36,7,340,259,0.1944,0.7618,0,0
2023-05-25,36,6,340,268,0.1667,0.7882,0,0
2023-05-26,36,10,340,269,0.2778,0.7912,0,0
2023-05-27,36,13,340,269,0.3611,0.7912,0,0
2023-05-28,36,5,340,236,0.1389,0.6941,0,0
2023-05-29,36,6,340,258,0.1667,0.7588,0,0
2023-05-30,36,11,340,264,0.3056,0.7765,0,0
2023-05-31,36,9,340,251,0.25,0.7382,0,0
2023-06-01,36,12,340,296,0.3333,0.8706,0,0
2023-06-02,36,12,340,280,0.3333,0.8235,0,0
2023-06-03,36,12,340,247,0.3333,0.7265,0,0
2023-06-04,36,12,340,254,0.3333,0.7471,0,0
2023-06-05,36,9,340,242,0.25,0.7118,0,0
2023-06-06,36,12,340,339,0.3333,0.9971,0,0
2023-06-07,36,10,340,288,0.2778,0.8471,0,0
2023-06-08,36,12,340,303,0.3333,0.8912,0,0
2023-06-09,36,13,340,284,0.3611,0.8353,0,0
2023-06-10,36,13,340,232,0.3611,0.6824,0,0
2023-06-11,36,11,340,277,0.3056,0.8147,0,0
2023-06-12,36,14,340,275,0.3889,0.8088,0,0
2023-06-13,36,13,340,254,0.3611,0.7471,0,0
2023-06-14,36,10,340,278,0.2778,0.8176,0,0
2023-06-15,36,7,340,249,0.1944,0.7324,0,0
2023-06-16,36,7,340,266,0.1944,0.7824,0,0
2023-06-17,36,9,340,210,0.25,0.6176,0,0
2023-06-18,36,8,340,238,0.2222,0.7,0,0
2023-06-19,36,11,340,281,0.3056,0.8265,0,0
2023-06-20,36,10,340,253,0.2778,0.7441,0,0
2023-06-21,36,11,340,274,0.3056,0.8059,0,0
2023-06-22,36,10,340,296,0.2778,0.8706,0,0
2023-06-23,36,11,340,233,0.3056,0.6853,0,0
2023-06-24,36,8,340,223,0.2222,0.6559,0,0
2023-06-25,36,7,340,176,0.1944,0.5176,0,0
2023-06-26,36,6,340,181,0.1667,0.5324,0,0
2023-06-27,36,6,340,230,0.1667,0.6765,0,0
2023-06-28,36,10,340,231,0.2778,0.6794,0,0
2023-06-29,36,11,340,249,0.3056,0.7324,0,0
2023-06-30,36,10,340,264,0.2778,0.7765,0,0
2023-07-01,36,12,340,289,0.3333,0.85,0,0
2023-07-02,36,16,340,270,0.4444,0.7941,0,0
2023-07-03,36,13,340,277,0.3611,0.8147,0,0
2023-07-04,36,16,340,305,0.4444,0.8971,0,0
2023-07-05,36,9,340,322,0.25,0.9471,0,0
2023-07-06,36,14,340,255,0.3889,0.75,0,0
2023-07-07,36,9,340,219,0.25,0.6441,0,0
2023-07-08,36,5,340,209,0.1389,0.6147,0,0
2023-07-09,36,4,340,222,0.1111,0.6529,0,0
2023-07-10,36,9,340,244,0.25,0.7176,0,0
2023-07-11,36,9,340,276,0.25,0.8118,0,0
2023-07-12,36,13,340,285,0.3611,0.8382,0,0
2023-07-13,36,7,340,259,0.1944,0.7618,0,0
2023-07-14,36,10,340,301,0.2778,0.8853,0,0
2023-07-15,36,8,340,237,0.2222,0.6971,0,0
2023-07-16,36,9,340,235,0.25,0.6912,0,0
2023-07-17,36,11,340,292,0.3056,0.8588,0,0
2023-07-18,36,11,340,291,0.3056,0.8559,0,0
2023-07-19,36,13,340,272,0.3611,0.8,0,0
2023-07-20,36,14,340,279,0.3889,0.8206,0,0
2023-07-21,36,12,340,319,0.3333,0.9382,0,0
2023-07-22,36,7,340,256,0.1944,0.7529,0,0
2023-07-23,36,9,340,257,0.25,0.7559,0,0
2023-07-24,36,6,340,268,0.1667,0.7882,0,0
2023-07-25,36,7,340,268,0.1944,0.7882,0,0
2023-07-26,36,6,340,282,0.1667,0.8294,0,0
2023-07-27,36,8,340,256,0.2222,0.7529,0,0
2023-07-28,36,9,340,295,0.25,0.8676,0,0
2023-07-29,36,9,340,274,0.25,0.8059,0,0
2023-07-30,36,11,340,240,0.3056,0.7059,0,0
2023-07-31,36,6,340,284,0.1667,0.8353,0,0
2023-08-01,36,7,340,250,0.1944,0.7353,0,0
2023-08-02,36,9,340,246,0.25,0.7235,0,0
2023-08-03,36,7,340,268,0.1944,0.7882,0,0
2023-08-04,36,7,340,245,0.1944,0.7206,0,0
2023-08-05,36,12,340,250,0.3333,0.7353,0,0
2023-08-06,36,13,340,242,0.3611,0.7118,0,0
2023-08-07,36,13,340,258,0.3611,0.7588,0,0
2023-08-08,36,7,340,241,0.1944,0.7088,0,0
2023-08-09,36,9,340,242,0.25,0.7118,0,0
2023-08-10,36,12,340,302,0.3333,0.8882,0,0
2023-08-11,36,10,340,275,0.2778,0.8088,0,0
2023-08-12,36,11,340,302,0.3056,0.8882,0,0
2023-08-13,36,12,340,304,0.3333,0.8941,0,0
2023-08-14,36,18,340,326,0.5,0.9588,0,0
2023-08-15,36,10,340,288,0.2778,0.8471,0,0
2023-08-16,36,2,340,297,0.0556,0.8735,0,0
2023-08-17,36,12,340,289,0.3333,0.85,0,0
2023-08-18,36,11,340,280,0.3056,0.8235,0,0
2023-08-19,36,11,340,284,0.3056,0.8353,0,0
2023-08-20,36,14,340,302,0.3889,0.8882,0,0
2023-08-21,36,16,340,314,0.4444,0.9235,0,0
2023-08-22,36,11,340,318,0.3056,0.9353,0,0
2023-08-23,36,12,340,275,0.3333,0.8088,0,0
2023-08-24,36,11,340,279,0.3056,0.8206,0,0
2023-08-25,36,18,340,266,0.5,0.7824,0,0
2023-08-26,36,12,340,323,0.3333,0.95,0,0
2023-08-27,36,10,340,317,0.2778,0.9324,0,0
2023-08-28,36,12,340,319,0.3333,0.9382,0,0
2023-08-29,36,8,340,308,0.2222,0.9059,0,0
2023-08-30,36,11,340,269,0.3056,0.7912,0,0
2023-08-31,36,14,340,288,0.3889,0.8471,0,0
2023-09-01,36,10,340,247,0.2778,0.7265,0,0
2023-09-02,36,14,340,310,0.3889,0.9118,0,0
2023-09-03,36,15,340,286,0.4167,0.8412,0,0
2023-09-04,36,11,340,309,0.3056,0.9088,0,0
2023-09-05,36,9,340,310,0.25,0.9118,0,0
2023-09-06,36,11,340,303,0.3056,0.8912,0,0
2023-09-07,36,9,340,273,0.25,0.8029,0,0
2023-09-08,36,7,340,293,0.1944,0.8618,0,0
2023-09-09,36,11,340,250,0.3056,0.7353,0,0
2023-09-10,36,10,340,239,0.2778,0.7029,0,0
2023-09-11,36,10,340,281,0.2778,0.8265,0,0
2023-09-12,36,10,340,294,0.2778,0.8647,0,0
2023-09-13,36,12,340,298,0.3333,0.8765,0,0
2023-09-14,36,9,340,277,0.25,0.8147,0,0
2023-09-15,36,10,340,262,0.2778,0.7706,0,0
2023-09-16,36,11,340,289,0.3056,0.85,0,0
2023-09-17,36,5,340,258,0.1389,0.7588,0,0
2023-09-18,36,15,340,239,0.4167,0.7029,0,0
2023-09-19,36,12,340,267,0.3333,0.7853,0,0
2023-09-20,36,9,340,275,0.25,0.8088,0,0
2023-09-21,36,9,340,325,0.25,0.9559,0,0
2023-09-22,36,10,340,322,0.2778,0.9471,0,0
2023-09-23,36,12,340,259,0.3333,0.7618,0,0
2023-09-24,36,11,340,288,0.3056,0.8471,0,0
2023-09-25,36,7,340,271,0.1944,0.7971,0,0
2023-09-26,36,5,340,267,0.1389,0.7853,0,0
2023-09-27,36,10,340,304,0.2778,0.8941,0,0
2023-09-28,36,10,340,318,0.2778,0.9353,0,0
2023-09-29,36,11,340,277,0.3056,0.8147,0,0
2023-09-30,36,12,340,300,0.3333,0.8824,0,0
2023-10-01,36,8,340,268,0.2222,0.7882,0,0
2023-10-02,36,10,340,311,0.2778,0.9147,0,0
2023-10-03,36,20,340,302,0.5556,0.8882,0,0
2023-10-04,36,15,340,292,0.4167,0.8588,0,0
2023-10-05,36,13,340,285,0.3611,0.8382,0,0
2023-10-06,36,13,340,315,0.3611,0.9265,0,0
2023-10-07,36,10,340,300,0.2778,0.8824,0,0
2023-10-08,36,7,340,289,0.1944,0.85,0,0
2023-10-09,36,10,340,313,0.2778,0.9206,0,0
2023-10-10,36,8,340,267,0.2222,0.7853,0,0
2023-10-11,36,13,340,321,0.3611,0.9441,0,0
2023-10-12,36,13,340,311,0.3611,0.9147,0,0
2023-10-13,36,12,340,296,0.3333,0.8706,0,0
2023-10-14,36,10,340,261,0.2778,0.7676,0,0
2023-10-15,36,10,340,287,0.2778,0.8441,0,0
2023-10-16,36,10,340,316,0.2778,0.9294,0,0
2023-10-17,36,15,340,314,0.4167,0.9235,0,0
2023-10-18,36,8,340,296,0.2222,0.8706,0,0
2023-10-19,36,11,340,309,0.3056,0.9088,0,0
2023-10-20,36,6,340,328,0.1667,0.9647,0,0
2023-10-21,36,15,340,287,0.4167,0.8441,0,0
2023-10-22,36,16,340,295,0.4444,0.8676,0,0
2023-10-23,36,9,340,298,0.25,0.8765,0,0
2023-10-24,36,7,340,340,0.1944,1.0,0,0
2023-10-25,36,9,340,330,0.25,0.9706,0,0
2023-10-26,36,11,340,306,0.3056,0.9,0,0
2023-10-27,36,13,340,346,0.3611,1.0176,0,1
2023-10-28,36,12,340,331,0.3333,0.9735,0,0
2023-10-29,36,11,340,309,0.3056,0.9088,0,0
2023-10-30,36,14,340,329,0.3889,0.9676,0,0
2023-10-31,36,11,340,301,0.3056,0.8853,0,0
2023-11-01,36,13,340,313,0.3611,0.9206,0,0
2023-11-02,36,12,340,337,0.3333,0.9912,0,0
2023-11-03,36,17,340,338,0.4722,0.9941,0,0
2023-11-04,36,13,340,282,0.3611,0.8294,0,0
2023-11-05,36,10,340,290,0.2778,0.8529,0,0
2023-11-06,36,7,340,315,0.1944,0.9265,0,0
2023-11-07,36,11,340,332,0.3056,0.9765,0,0
2023-11-08,36,13,340,287,0.3611,0.8441,0,0
2023-11-09,36,13,340,309,0.3611,0.9088,0,0
2023-11-10,36,12,340,275,0.3333,0.8088,0,0
2023-11-11,36,10,340,262,0.2778,0.7706,0,0
2023-11-12,36,4,340,287,0.1111,0.8441,0,0
2023-11-13,36,6,340,281,0.1667,0.8265,0,0
2023-11-14,36,14,340,319,0.3889,0.9382,0,0
2023-11-15,36,9,340,294,0.25,0.8647,0,0
2023-11-16,36,10,340,320,0.2778,0.9412,0,0
2023-11-17,36,13,340,339,0.3611,0.9971,0,0
2023-11-18,36,14,340,288,0.3889,0.8471,0,0
2023-11-19,36,15,340,279,0.4167,0.8206,0,0
2023-11-20,36,10,340,307,0.2778,0.9029,0,0
2023-11-21,36,16,340,325,0.4444,0.9559,0,0
2023-11-22,36,12,340,293,0.3333,0.8618,0,0
2023-11-23,36,10,340,338,0.2778,0.9941,0,0
2023-11-24,36,10,340,335,0.2778,0.9853,0,0
2023-11-25,36,13,340,345,0.3611,1.0147,0,1
2023-11-26,36,8,340,281,0.2222,0.8265,0,0
2023-11-27,36,10,340,294,0.2778,0.8647,0,0
2023-11-28,36,10,340,317,0.2778,0.9324,0,0
2023-11-29,36,5,340,306,0.1389,0.9,0,0
2023-11-30,36,11,340,350,0.3056,1.0294,0,1
2023-12-01,36,10,340,338,0.2778,0.9941,0,0
2023-12-02,36,14,340,313,0.3889,0.9206,0,0
2023-12-03,36,8,340,283,0.2222,0.8324,0,0
2023-12-04,36,7,340,282,0.1944,0.8294,0,0
2023-12-05,36,16,340,286,0.4444,0.8412,0,0
2023-12-06,36,7,340,291,0.1944,0.8559,0,0
2023-12-07,36,12,340,304,0.3333,0.8941,0,0
2023-12-08,36,9,340,335,0.25,0.9853,0,0
2023-12-09,36,14,340,333,0.3889,0.9794,0,0
2023-12-10,36,13,340,326,0.3611,0.9588,0,0
2023-12-11,36,12,340,348,0.3333,1.0235,0,1
2023-12-12,36,12,340,330,0.3333,0.9706,0,0
2023-12-13,36,18,340,308,0.5,0.9059,0,0
2023-12-14,36,14,340,342,0.3889,1.0059,0,1
2023-12-15,36,13,340,306,0.3611,0.9,0,0
2023-12-16,36,15,340,329,0.4167,0.9676,0,0
2023-12-17,36,19,340,320,0.5278,0.9412,0,0
2023-12-18,36,18,340,350,0.5,1.0294,0,1
2023-12-19,36,11,340,301,0.3056,0.8853,0,0
2023-12-20,36,17,340,358,0.4722,1.0529,0,1
2023-12-21,36,13,340,338,0.3611,0.9941,0,0
2023-12-22,36,14,340,359,0.3889,1.0559,0,1
2023-12-23,36,14,340,316,0.3889,0.9294,0,0
2023-12-24,36,10,340,305,0.2778,0.8971,0,0
2023-12-25,36,23,340,347,0.6389,1.0206,0,1
2023-12-26,36,13,340,378,0.3611,1.1118,0,1
2023-12-27,36,13,340,319,0.3611,0.9382,0,0
2023-12-28,36,15,340,296,0.4167,0.8706,0,0
2023-12-29,36,12,340,351,0.3333,1.0324,0,1
2023-12-30,36,11,340,320,0.3056,0.9412,0,0
2023-12-31,36,15,340,312,0.4167,0.9176,0,0
2024-01-01,36,13,340,327,0.3611,0.9618,0,0
2024-01-02,36,13,340,294,0.3611,0.8647,0,0
2024-01-03,36,15,340,294,0.4167,0.8647,0,0
2024-01-04,36,12,340,325,0.3333,0.9559,0,0
2024-01-05,36,13,340,329,0.3611,0.9676,0,0
2024-01-06,36,16,340,338,0.4444,0.9941,0,0
2024-01-07,36,15,340,339,0.4167,0.9971,0,0
2024-01-08,36,12,340,278,0.3333,0.8176,0,0
2024-01-09,36,6,340,342,0.1667,1.0059,0,1
2024-01-10,36,12,340,350,0.3333,1.0294,0,1
2024-01-11,36,13,340,330,0.3611,0.9706,0,0
2024-01-12,36,14,340,312,0.3889,0.9176,0,0
2024-01-13,36,12,340,319,0.3333,0.9382,0,0
2024-01-14,36,10,340,351,0.2778,1.0324,0,1
2024-01-15,36,9,340,347,0.25,1.0206,0,1
2024-01-16,36,8,340,359,0.2222,1.0559,0,1
2024-01-17,36,15,340,323,0.4167,0.95,0,0
2024-01-18,36,11,340,367,0.3056,1.0794,0,1
2024-01-19,36,17,340,366,0.4722,1.0765,0,1
2024-01-20,36,13,340,357,0.3611,1.05,0,1
2024-01-21,36,11,340,338,0.3056,0.9941,0,0
2024-01-22,36,14,340,385,0.3889,1.1324,0,1
2024-01-23,36,11,340,347,0.3056,1.0206,0,1
2024-01-24,36,10,340,349,0.2778,1.0265,0,1
2024-01-25,36,11,340,322,0.3056,0.9471,0,0
2024-01-26,36,17,340,267,0.4722,0.7853,0,0
2024-01-27,36,17,340,326,0.4722,0.9588,0,0
2024-01-28,36,12,340,288,0.3333,0.8471,0,0
2024-01-29,36,10,340,335,0.2778,0.9853,0,0
2024-01-30,36,16,340,354,0.4444,1.0412,0,1
2024-01-31,36,13,340,350,0.3611,1.0294,0,1
2024-02-01,36,16,340,358,0.4444,1.0529,0,1
2024-02-02,36,11,340,314,0.3056,0.9235,0,0
2024-02-03,36,15,340,328,0.4167,0.9647,0,0
2024-02-04,36,14,340,326,0.3889,0.9588,0,0
2024-02-05,36,12,340,341,0.3333,1.0029,0,1
2024-02-06,36,13,340,373,0.3611,1.0971,0,1
2024-02-07,36,16,340,347,0.4444,1.0206,0,1
2024-02-08,36,7,340,328,0.1944,0.9647,0,0
2024-02-09,36,12,340,335,0.3333,0.9853,0,0
2024-02-10,36,8,340,293,0.2222,0.8618,0,0
2024-02-11,36,10,340,301,0.2778,0.8853,0,0
2024-02-12,36,16,340,300,0.4444,0.8824,0,0
2024-02-13,36,9,340,295,0.25,0.8676,0,0
2024-02-14,36,10,340,338,0.2778,0.9941,0,0
2024-02-15,36,12,340,315,0.3333,0.9265,0,0
2024-02-16,36,16,340,333,0.4444,0.9794,0,0
2024-02-17,36,12,340,322,0.3333,0.9471,0,0
2024-02-18,36,14,340,323,0.3889,0.95,0,0
2024-02-19,36,12,340,365,0.3333,1.0735,0,1
2024-02-20,36,12,340,324,0.3333,0.9529,0,0
2024-02-21,36,9,340,362,0.25,1.0647,0,1
2024-02-22,36,9,340,292,0.25,0.8588,0,0
2024-02-23,36,12,340,318,0.3333,0.9353,0,0
2024-02-24,36,9,340,328,0.25,0.9647,0,0
2024-02-25,36,5,340,276,0.1389,0.8118,0,0
2024-02-26,36,12,340,320,0.3333,0.9412,0,0
2024-02-27,36,7,340,308,0.1944,0.9059,0,0
2024-02-28,36,11,340,321,0.3056,0.9441,0,0
2024-02-29,36,15,340,320,0.4167,0.9412,0,0
2024-03-01,36,6,340,320,0.1667,0.9412,0,0
2024-03-02,36,10,340,341,0.2778,1.0029,0,1
2024-03-03,36,9,340,277,0.25,0.8147,0,0
2024-03-04,36,5,340,300,0.1389,0.8824,0,0
2024-03-05,36,8,340,325,0.2222,0.9559,0,0
2024-03-06,36,16,340,326,0.4444,0.9588,0,0
2024-03-07,36,12,340,311,0.3333,0.9147,0,0
2024-03-08,36,6,340,305,0.1667,0.8971,0,0
2024-03-09,36,8,340,282,0.2222,0.8294,0,0
2024-03-10,36,13,340,310,0.3611,0.9118,0,0
2024-03-11,36,15,340,317,0.4167,0.9324,0,0
2024-03-12,36,9,340,329,0.25,0.9676,0,0
2024-03-13,36,14,340,334,0.3889,0.9824,0,0
2024-03-14,36,10,340,343,0.2778,1.0088,0,1
2024-03-15,36,10,340,333,0.2778,0.9794,0,0
2024-03-16,36,11,340,311,0.3056,0.9147,0,0
2024-03-17,36,11,340,286,0.3056,0.8412,0,0
2024-03-18,36,8,340,235,0.2222,0.6912,0,0
2024-03-19,36,10,340,260,0.2778,0.7647,0,0
2024-03-20,36,9,340,277,0.25,0.8147,0,0
2024-03-21,36,6,340,260,0.1667,0.7647,0,0
2024-03-22,36,13,340,292,0.3611,0.8588,0,0
2024-03-23,36,12,340,303,0.3333,0.8912,0,0
2024-03-24,36,12,340,270,0.3333,0.7941,0,0
2024-03-25,36,16,340,295,0.4444,0.8676,0,0
2024-03-26,36,13,340,306,0.3611,0.9,0,0
2024-03-27,36,12,340,293,0.3333,0.8618,0,0
2024-03-28,36,11,340,331,0.3056,0.9735,0,0
2024-03-29,36,11,340,364,0.3056,1.0706,0,1
2024-03-30,36,8,340,287,0.2222,0.8441,0,0
2024-03-31,36,8,340,257,0.2222,0.7559,0,0
2024-04-01,36,7,340,287,0.1944,0.8441,0,0
2024-04-02,36,11,340,310,0.3056,0.9118,0,0
2024-04-03,36,11,340,275,0.3056,0.8088,0,0
2024-04-04,36,8,340,309,0.2222,0.9088,0,0
2024-04-05,36,15,340,289,0.4167,0.85,0,0
2024-04-06,36,13,340,286,0.3611,0.8412,0,0
2024-04-07,36,13,340,307,0.3611,0.9029,0,0
2024-04-08,36,16,340,268,0.4444,0.7882,0,0
2024-04-09,36,12,340,281,0.3333,0.8265,0,0
2024-04-10,36,11,340,317,0.3056,0.9324,0,0
2024-04-11,36,14,340,324,0.3889,0.9529,0,0
2024-04-12,36,11,340,321,0.3056,0.9441,0,0
2024-04-13,36,18,340,310,0.5,0.9118,0,0
2024-04-14,36,12,340,304,0.3333,0.8941,0,0
2024-04-15,36,9,340,291,0.25,0.8559,0,0
2024-04-16,36,10,340,300,0.2778,0.8824,0,0
2024-04-17,36,11,340,331,0.3056,0.9735,0,0
2024-04-18,36,14,340,309,0.3889,0.9088,0,0
2024-04-19,36,8,340,326,0.2222,0.9588,0,0
2024-04-20,36,17,340,288,0.4722,0.8471,0,0
2024-04-21,36,7,340,282,0.1944,0.8294,0,0
2024-04-22,36,8,340,286,0.2222,0.8412,0,0
2024-04-23,36,6,340,255,0.1667,0.75,0,0
2024-04-24,36,10,340,283,0.2778,0.8324,0,0
2024-04-25,36,13,340,293,0.3611,0.8618,0,0
2024-04-26,36,11,340,281,0.3056,0.8265,0,0
2024-04-27,36,11,340,282,0.3056,0.8294,0,0
2024-04-28,36,14,340,285,0.3889,0.8382,0,0
2024-04-29,36,13,340,285,0.3611,0.8382,0,0
2024-04-30,36,12,340,315,0.3333,0.9265,0,0
2024-05-01,36,9,340,284,0.25,0.8353,0,0
2024-05-02,36,14,340,314,0.3889,0.9235,0,0
2024-05-03,36,14,340,296,0.3889,0.8706,0,0
2024-05-04,36,13,340,315,0.3611,0.9265,0,0
2024-05-05,36,15,340,292,0.4167,0.8588,0,0
2024-05-06,36,9,340,313,0.25,0.9206,0,0
2024-05-07,36,10,340,332,0.2778,0.9765,0,0
2024-05-08,36,14,340,293,0.3889,0.8618,0,0
2024-05-09,36,7,340,303,0.1944,0.8912,0,0
2024-05-10,36,14,340,297,0.3889,0.8735,0,0
2024-05-11,36,3,340,294,0.0833,0.8647,0,0
2024-05-12,36,15,340,307,0.4167,0.9029,0,0
2024-05-13,36,14,340,314,0.3889,0.9235,0,0
2024-05-14,36,13,340,283,0.3611,0.8324,0,0
2024-05-15,36,11,340,295,0.3056,0.8676,0,0
2024-05-16,36,7,340,257,0.1944,0.7559,0,0
2024-05-17,36,11,340,306,0.3056,0.9,0,0
2024-05-18,36,17,340,294,0.4722,0.8647,0,0
2024-05-19,36,13,340,329,0.3611,0.9676,0,0
2024-05-20,36,13,340,331,0.3611,0.9735,0,0
2024-05-21,36,13,340,312,0.3611,0.9176,0,0
2024-05-22,36,12,340,329,0.3333,0.9676,0,0
2024-05-23,36,7,340,281,0.1944,0.8265,0,0
2024-05-24,36,7,340,256,0.1944,0.7529,0,0
2024-05-25,36,10,340,268,0.2778,0.7882,0,0
2024-05-26,36,10,340,233,0.2778,0.6853,0,0
2024-05-27,36,9,340,268,0.25,0.7882,0,0
2024-05-28,36,16,340,310,0.4444,0.9118,0,0
2024-05-29,36,12,340,266,0.3333,0.7824,0,0
2024-05-30,36,16,340,312,0.4444,0.9176,0,0
2024-05-31,36,13,340,240,0.3611,0.7059,0,0
2024-06-01,36,13,340,276,0.3611,0.8118,0,0
2024-06-02,36,11,340,256,0.3056,0.7529,0,0
2024-06-03,36,12,340,242,0.3333,0.7118,0,0
2024-06-04,36,11,340,286,0.3056,0.8412,0,0
2024-06-05,36,7,340,277,0.1944,0.8147,0,0
2024-06-06,36,13,340,303,0.3611,0.8912,0,0
2024-06-07,36,8,340,255,0.2222,0.75,0,0
2024-06-08,36,9,340,255,0.25,0.75,0,0
2024-06-09,36,6,340,256,0.1667,0.7529,0,0
2024-06-10,36,10,340,276,0.2778,0.8118,0,0
2024-06-11,36,12,340,273,0.3333,0.8029,0,0
2024-06-12,36,12,340,282,0.3333,0.8294,0,0
2024-06-13,36,14,340,306,0.3889,0.9,0,0
2024-06-14,36,8,340,269,0.2222,0.7912,0,0
2024-06-15,36,12,340,263,0.3333,0.7735,0,0
2024-06-16,36,7,340,261,0.1944,0.7676,0,0
2024-06-17,36,9,340,255,0.25,0.75,0,0
2024-06-18,36,13,340,272,0.3611,0.8,0,0
2024-06-19,36,15,340,324,0.4167,0.9529,0,0
2024-06-20,36,13,340,343,0.3611,1.0088,0,1
2024-06-21,36,12,340,312,0.3333,0.9176,0,0
2024-06-22,36,6,340,249,0.1667,0.7324,0,0
2024-06-23,36,8,340,266,0.2222,0.7824,0,0
2024-06-24,36,10,340,291,0.2778,0.8559,0,0
2024-06-25,36,11,340,254,0.3056,0.7471,0,0
2024-06-26,36,10,340,282,0.2778,0.8294,0,0
2024-06-27,36,11,340,259,0.3056,0.7618,0,0
2024-06-28,36,11,340,267,0.3056,0.7853,0,0
2024-06-29,36,12,340,240,0.3333,0.7059,0,0
2024-06-30,36,10,340,253,0.2778,0.7441,0,0
2024-07-01,36,5,340,251,0.1389,0.7382,0,0
2024-07-02,36,8,340,247,0.2222,0.7265,0,0
2024-07-03,36,9,340,252,0.25,0.7412,0,0
2024-07-04,36,12,340,269,0.3333,0.7912,0,0
2024-07-05,36,12,340,259,0.3333,0.7618,0,0
2024-07-06,36,14,340,219,0.3889,0.6441,0,0
2024-07-07,36,9,340,208,0.25,0.6118,0,0
2024-07-08,36,8,340,222,0.2222,0.6529,0,0
2024-07-09,36,12,340,280,0.3333,0.8235,0,0
2024-07-10,36,9,340,233,0.25,0.6853,0,0
2024-07-11,36,12,340,266,0.3333,0.7824,0,0
2024-07-12,36,13,340,301,0.3611,0.8853,0,0
2024-07-13,36,6,340,271,0.1667,0.7971,0,0
2024-07-14,36,13,340,235,0.3611,0.6912,0,0
2024-07-15,36,11,340,267,0.3056,0.7853,0,0
2024-07-16,36,13,340,209,0.3611,0.6147,0,0
2024-07-17,36,15,340,248,0.4167,0.7294,0,0
2024-07-18,36,12,340,273,0.3333,0.8029,0,0
2024-07-19,36,13,340,238,0.3611,0.7,0,0
2024-07-20,36,14,340,258,0.3889,0.7588,0,0
2024-07-21,36,13,340,242,0.3611,0.7118,0,0
2024-07-22,36,16,340,217,0.4444,0.6382,0,0
2024-07-23,36,17,340,263,0.4722,0.7735,0,0
2024-07-24,36,14,340,297,0.3889,0.8735,0,0
2024-07-25,36,11,340,240,0.3056,0.7059,0,0
2024-07-26,36,11,340,299,0.3056,0.8794,0,0
2024-07-27,36,9,340,264,0.25,0.7765,0,0
2024-07-28,36,12,340,289,0.3333,0.85,0,0
2024-07-29,36,18,340,286,0.5,0.8412,0,0
2024-07-30,36,13,340,295,0.3611,0.8676,0,0
2024-07-31,36,10,340,295,0.2778,0.8676,0,0
2024-08-01,36,8,340,266,0.2222,0.7824,0,0
2024-08-02,36,11,340,305,0.3056,0.8971,0,0
2024-08-03,36,9,340,288,0.25,0.8471,0,0
2024-08-04,36,12,340,226,0.3333,0.6647,0,0
2024-08-05,36,6,340,269,0.1667,0.7912,0,0
2024-08-06,36,13,340,282,0.3611,0.8294,0,0
2024-08-07,36,9,340,298,0.25,0.8765,0,0
2024-08-08,36,10,340,273,0.2778,0.8029,0,0
2024-08-09,36,17,340,318,0.4722,0.9353,0,0
2024-08-10,36,14,340,281,0.3889,0.8265,0,0
2024-08-11,36,13,340,279,0.3611,0.8206,0,0
2024-08-12,36,14,340,266,0.3889,0.7824,0,0
2024-08-13,36,13,340,302,0.3611,0.8882,0,0
2024-08-14,36,9,340,246,0.25,0.7235,0,0
2024-08-15,36,8,340,250,0.2222,0.7353,0,0
2024-08-16,36,11,340,256,0.3056,0.7529,0,0
2024-08-17,36,11,340,296,0.3056,0.8706,0,0
2024-08-18,36,6,340,271,0.1667,0.7971,0,0
2024-08-19,36,8,340,260,0.2222,0.7647,0,0
2024-08-20,36,14,340,269,0.3889,0.7912,0,0
2024-08-21,36,17,340,261,0.4722,0.7676,0,0
2024-08-22,36,11,340,235,0.3056,0.6912,0,0
2024-08-23,36,7,340,227,0.1944,0.6676,0,0
2024-08-24,36,11,340,243,0.3056,0.7147,0,0
2024-08-25,36,12,340,260,0.3333,0.7647,0,0
2024-08-26,36,13,340,286,0.3611,0.8412,0,0
2024-08-27,36,14,340,246,0.3889,0.7235,0,0
2024-08-28,36,8,340,268,0.2222,0.7882,0,0
2024-08-29,36,5,340,251,0.1389,0.7382,0,0
2024-08-30,36,9,340,239,0.25,0.7029,0,0
2024-08-31,36,5,340,293,0.1389,0.8618,0,0
2024-09-01,36,12,340,276,0.3333,0.8118,0,0
2024-09-02,36,7,340,290,0.1944,0.8529,0,0
2024-09-03,36,11,340,284,0.3056,0.8353,0,0
2024-09-04,36,10,340,288,0.2778,0.8471,0,0
2024-09-05,36,8,340,259,0.2222,0.7618,0,0
2024-09-06,36,6,340,262,0.1667,0.7706,0,0
2024-09-07,36,8,340,265,0.2222,0.7794,0,0
2024-09-08,36,10,340,261,0.2778,0.7676,0,0
2024-09-09,36,11,340,263,0.3056,0.7735,0,0
2024-09-10,36,15,340,291,0.4167,0.8559,0,0
2024-09-11,36,15,340,308,0.4167,0.9059,0,0
2024-09-12,36,13,340,329,0.3611,0.9676,0,0
2024-09-13,36,9,340,334,0.25,0.9824,0,0
2024-09-14,36,11,340,302,0.3056,0.8882,0,0
2024-09-15,36,9,340,267,0.25,0.7853,0,0
2024-09-16,36,13,340,310,0.3611,0.9118,0,0
2024-09-17,36,17,340,327,0.4722,0.9618,0,0
2024-09-18,36,13,340,305,0.3611,0.8971,0,0
2024-09-19,36,12,340,329,0.3333,0.9676,0,0
2024-09-20,36,11,340,334,0.3056,0.9824,0,0
2024-09-21,36,7,340,286,0.1944,0.8412,0,0
2024-09-22,36,16,340,285,0.4444,0.8382,0,0
2024-09-23,36,10,340,302,0.2778,0.8882,0,0
2024-09-24,36,12,340,301,0.3333,0.8853,0,0
2024-09-25,36,14,340,297,0.3889,0.8735,0,0
2024-09-26,36,6,340,298,0.1667,0.8765,0,0
2024-09-27,36,13,340,304,0.3611,0.8941,0,0
2024-09-28,36,10,340,305,0.2778,0.8971,0,0
2024-09-29,36,10,340,268,0.2778,0.7882,0,0
2024-09-30,36,13,340,296,0.3611,0.8706,0,0
2024-10-01,36,13,340,303,0.3611,0.8912,0,0
2024-10-02,36,10,340,299,0.2778,0.8794,0,0
2024-10-03,36,19,340,274,0.5278,0.8059,0,0
2024-10-04,36,12,340,298,0.3333,0.8765,0,0
2024-10-05,36,11,340,281,0.3056,0.8265,0,0
2024-10-06,36,7,340,249,0.1944,0.7324,0,0
2024-10-07,36,13,340,235,0.3611,0.6912,0,0
2024-10-08,36,7,340,240,0.1944,0.7059,0,0
2024-10-09,36,8,340,257,0.2222,0.7559,0,0
2024-10-10,36,12,340,302,0.3333,0.8882,0,0
2024-10-11,36,13,340,278,0.3611,0.8176,0,0
2024-10-12,36,9,340,323,0.25,0.95,0,0
2024-10-13,36,9,340,262,0.25,0.7706,0,0
2024-10-14,36,12,340,295,0.3333,0.8676,0,0
2024-10-15,36,15,340,269,0.4167,0.7912,0,0
2024-10-16,36,12,340,291,0.3333,0.8559,0,0
2024-10-17,36,9,340,305,0.25,0.8971,0,0
2024-10-18,36,14,340,282,0.3889,0.8294,0,0
2024-10-19,36,14,340,298,0.3889,0.8765,0,0
2024-10-20,36,12,340,277,0.3333,0.8147,0,0
2024-10-21,36,15,340,304,0.4167,0.8941,0,0
2024-10-22,36,8,340,288,0.2222,0.8471,0,0
2024-10-23,36,10,340,303,0.2778,0.8912,0,0
2024-10-24,36,13,340,318,0.3611,0.9353,0,0
2024-10-25,36,15,340,332,0.4167,0.9765,0,0
2024-10-26,36,15,340,360,0.4167,1.0588,0,1
2024-10-27,36,9,340,316,0.25,0.9294,0,0
2024-10-28,36,11,340,275,0.3056,0.8088,0,0
2024-10-29,36,10,340,318,0.2778,0.9353,0,0
2024-10-30,36,9,340,269,0.25,0.7912,0,0
2024-10-31,36,12,340,310,0.3333,0.9118,0,0
2024-11-01,36,11,340,319,0.3056,0.9382,0,0
2024-11-02,36,13,340,294,0.3611,0.8647,0,0
2024-11-03,36,13,340,311,0.3611,0.9147,0,0
2024-11-04,36,11,340,333,0.3056,0.9794,0,0
2024-11-05,36,10,340,292,0.2778,0.8588,0,0
2024-11-06,36,13,340,301,0.3611,0.8853,0,0
2024-11-07,36,12,340,338,0.3333,0.9941,0,0
2024-11-08,36,10,340,328,0.2778,0.9647,0,0
2024-11-09,36,15,340,341,0.4167,1.0029,0,1
2024-11-10,36,15,340,321,0.4167,0.9441,0,0
2024-11-11,36,12,340,352,0.3333,1.0353,0,1
2024-11-12,36,12,340,316,0.3333,0.9294,0,0
2024-11-13,36,12,340,340,0.3333,1.0,0,0
2024-11-14,36,16,340,324,0.4444,0.9529,0,0
2024-11-15,36,11,340,334,0.3056,0.9824,0,0
2024-11-16,36,13,340,332,0.3611,0.9765,0,0
2024-11-17,36,9,340,318,0.25,0.9353,0,0
2024-11-18,36,5,340,295,0.1389,0.8676,0,0
2024-11-19,36,9,340,257,0.25,0.7559,0,0
2024-11-20,36,11,340,294,0.3056,0.8647,0,0
2024-11-21,36,12,340,304,0.3333,0.8941,0,0
2024-11-22,36,12,340,350,0.3333,1.0294,0,1
2024-11-23,36,12,340,326,0.3333,0.9588,0,0
2024-11-24,36,12,340,271,0.3333,0.7971,0,0
2024-11-25,36,11,340,291,0.3056,0.8559,0,0
2024-11-26,36,16,340,320,0.4444,0.9412,0,0
2024-11-27,36,16,340,305,0.4444,0.8971,0,0
2024-11-28,36,12,340,339,0.3333,0.9971,0,0
2024-11-29,36,18,340,338,0.5,0.9941,0,0
2024-11-30,36,9,340,355,0.25,1.0441,0,1
2024-12-01,36,9,340,339,0.25,0.9971,0,0
2024-12-02,36,7,340,300,0.1944,0.8824,0,0
2024-12-03,36,12,340,306,0.3333,0.9,0,0
2024-12-04,36,11,340,360,0.3056,1.0588,0,1
2024-12-05,36,11,340,323,0.3056,0.95,0,0
2024-12-06,36,11,340,338,0.3056,0.9941,0,0
2024-12-07,36,11,340,336,0.3056,0.9882,0,0
2024-12-08,36,14,340,282,0.3889,0.8294,0,0
2024-12-09,36,11,340,331,0.3056,0.9735,0,0
2024-12-10,36,14,340,284,0.3889,0.8353,0,0
2024-12-11,36,18,340,326,0.5,0.9588,0,0
2024-12-12,36,15,340,342,0.4167,1.0059,0,1
2024-12-13,36,18,340,351,0.5,1.0324,0,1
2024-12-14,36,10,340,331,0.2778,0.9735,0,0
2024-12-15,36,11,340,316,0.3056,0.9294,0,0
2024-12-16,36,9,340,359,0.25,1.0559,0,1
2024-12-17,36,12,340,325,0.3333,0.9559,0,0
2024-12-18,36,13,340,317,0.3611,0.9324,0,0
2024-12-19,36,16,340,376,0.4444,1.1059,0,1
2024-12-20,36,13,340,322,0.3611,0.9471,0,0
2024-12-21,36,13,340,346,0.3611,1.0176,0,1
2024-12-22,36,14,340,342,0.3889,1.0059,0,1
2024-12-23,36,9,340,350,0.25,1.0294,0,1
2024-12-24,36,13,340,322,0.3611,0.9471,0,0
2024-12-25,36,10,340,322,0.2778,0.9471,0,0
2024-12-26,36,12,340,345,0.3333,1.0147,0,1
2024-12-27,36,18,340,335,0.5,0.9853,0,0
2024-12-28,36,16,340,358,0.4444,1.0529,0,1
2024-12-29,36,10,340,339,0.2778,0.9971,0,0
2024-12-30,36,10,340,335,0.2778,0.9853,0,0
2024-12-31,36,17,340,357,0.4722,1.05,0,1
2025-01-01,36,11,340,374,0.3056,1.1,0,1
2025-01-02,36,13,340,320,0.3611,0.9412,0,0
2025-01-03,36,11,340,359,0.3056,1.0559,0,1
2025-01-04,36,7,340,371,0.1944,1.0912,0,1
2025-01-05,36,12,340,390,0.3333,1.1471,0,1
2025-01-06,36,10,340,332,0.2778,0.9765,0,0
2025-01-07,36,10,340,320,0.2778,0.9412,0,0
2025-01-08,36,10,340,360,0.2778,1.0588,0,1
2025-01-09,36,12,340,332,0.3333,0.9765,0,0
2025-01-10,36,8,340,325,0.2222,0.9559,0,0
2025-01-11,36,9,340,335,0.25,0.9853,0,0
2025-01-12,36,15,340,353,0.4167,1.0382,0,1
2025-01-13,36,7,340,344,0.1944,1.0118,0,1
2025-01-14,36,6,340,321,0.1667,0.9441,0,0
2025-01-15,36,11,340,342,0.3056,1.0059,0,1
2025-01-16,36,9,340,317,0.25,0.9324,0,0
2025-01-17,36,18,340,330,0.5,0.9706,0,0
2025-01-18,36,12,340,331,0.3333,0.9735,0,0
2025-01-19,36,10,340,286,0.2778,0.8412,0,0
2025-01-20,36,6,340,276,0.1667,0.8118,0,0
2025-01-21,36,6,340,278,0.1667,0.8176,0,0
2025-01-22,36,5,340,300,0.1389,0.8824,0,0
2025-01-23,36,10,340,317,0.2778,0.9324,0,0
2025-01-24,36,11,340,321,0.3056,0.9441,0,0
2025-01-25,36,6,340,300,0.1667,0.8824,0,0
2025-01-26,36,6,340,281,0.1667,0.8265,0,0
2025-01-27,36,13,340,300,0.3611,0.8824,0,0
2025-01-28,36,15,340,320,0.4167,0.9412,0,0
2025-01-29,36,11,340,320,0.3056,0.9412,0,0
2025-01-30,36,10,340,332,0.2778,0.9765,0,0
2025-01-31,36,11,340,351,0.3056,1.0324,0,1
2025-02-01,36,14,340,325,0.3889,0.9559,0,0
2025-02-02,36,14,340,368,0.3889,1.0824,0,1
2025-02-03,36,11,340,330,0.3056,0.9706,0,0
2025-02-04,36,15,340,326,0.4167,0.9588,0,0
2025-02-05,36,6,340,344,0.1667,1.0118,0,1
2025-02-06,36,9,340,339,0.25,0.9971,0,0
2025-02-07,36,8,340,287,0.2222,0.8441,0,0
2025-02-08,36,8,340,336,0.2222,0.9882,0,0
2025-02-09,36,15,340,349,0.4167,1.0265,0,1
2025-02-10,36,12,340,339,0.3333,0.9971,0,0
2025-02-11,36,16,340,330,0.4444,0.9706,0,0
2025-02-12,36,14,340,351,0.3889,1.0324,0,1
2025-02-13,36,7,340,316,0.1944,0.9294,0,0
2025-02-14,36,13,340,293,0.3611,0.8618,0,0
2025-02-15,36,11,340,321,0.3056,0.9441,0,0
2025-02-16,36,13,340,335,0.3611,0.9853,0,0
2025-02-17,36,6,340,286,0.1667,0.8412,0,0
2025-02-18,36,10,340,312,0.2778,0.9176,0,0
2025-02-19,36,12,340,322,0.3333,0.9471,0,0
2025-02-20,36,16,340,332,0.4444,0.9765,0,0
2025-02-21,36,13,340,351,0.3611,1.0324,0,1
2025-02-22,36,11,340,321,0.3056,0.9441,0,0
2025-02-23,36,15,340,348,0.4167,1.0235,0,1
2025-02-24,36,17,340,319,0.4722,0.9382,0,0
2025-02-25,36,10,340,332,0.2778,0.9765,0,0
2025-02-26,36,13,340,307,0.3611,0.9029,0,0
2025-02-27,36,13,340,327,0.3611,0.9618,0,0
2025-02-28,36,13,340,335,0.3611,0.9853,0,0
2025-03-01,36,13,340,338,0.3611,0.9941,0,0
2025-03-02,36,13,340,303,0.3611,0.8912,0,0
2025-03-03,36,12,340,324,0.3333,0.9529,0,0
2025-03-04,36,14,340,322,0.3889,0.9471,0,0
2025-03-05,36,11,340,339,0.3056,0.9971,0,0
2025-03-06,36,12,340,310,0.3333,0.9118,0,0
2025-03-07,36,8,340,293,0.2222,0.8618,0,0
2025-03-08,36,7,340,242,0.1944,0.7118,0,0
2025-03-09,36,11,340,313,0.3056,0.9206,0,0
2025-03-10,36,14,340,329,0.3889,0.9676,0,0
2025-03-11,36,12,340,329,0.3333,0.9676,0,0
2025-03-12,36,16,340,345,0.4444,1.0147,0,1
2025-03-13,36,11,340,313,0.3056,0.9206,0,0
2025-03-14,36,9,340,300,0.25,0.8824,0,0
2025-03-15,36,15,340,330,0.4167,0.9706,0,0
2025-03-16,36,13,340,320,0.3611,0.9412,0,0
2025-03-17,36,7,340,291,0.1944,0.8559,0,0
2025-03-18,36,14,340,346,0.3889,1.0176,0,1
2025-03-19,36,13,340,322,0.3611,0.9471,0,0
2025-03-20,36,15,340,330,0.4167,0.9706,0,0
2025-03-21,36,10,340,340,0.2778,1.0,0,0
2025-03-22,36,9,340,340,0.25,1.0,0,0
2025-03-23,36,15,340,328,0.4167,0.9647,0,0
2025-03-24,36,8,340,315,0.2222,0.9265,0,0
2025-03-25,36,14,340,294,0.3889,0.8647,0,0
2025-03-26,36,16,340,369,0.4444,1.0853,0,1
2025-03-27,36,19,340,326,0.5278,0.9588,0,0
2025-03-28,36,10,340,385,0.2778,1.1324,0,1
2025-03-29,36,11,340,333,0.3056,0.9794,0,0
2025-03-30,36,11,340,296,0.3056,0.8706,0,0
2025-03-31,36,14,340,361,0.3889,1.0618,0,1
2025-04-01,36,9,340,335,0.25,0.9853,0,0
2025-04-02,36,14,340,334,0.3889,0.9824,0,0
2025-04-03,36,10,340,319,0.2778,0.9382,0,0
2025-04-04,36,12,340,340,0.3333,1.0,0,0
2025-04-05,36,9,340,334,0.25,0.9824,0,0
2025-04-06,36,13,340,279,0.3611,0.8206,0,0
2025-04-07,36,9,340,310,0.25,0.9118,0,0
2025-04-08,36,9,340,373,0.25,1.0971,0,1
2025-04-09,36,12,340,342,0.3333,1.0059,0,1
2025-04-10,36,15,340,326,0.4167,0.9588,0,0
2025-04-11,36,14,340,333,0.3889,0.9794,0,0
2025-04-12,36,13,340,293,0.3611,0.8618,0,0
2025-04-13,36,11,340,274,0.3056,0.8059,0,0
2025-04-14,36,11,340,310,0.3056,0.9118,0,0
2025-04-15,36,13,340,329,0.3611,0.9676,0,0
2025-04-16,36,14,340,320,0.3889,0.9412,0,0
2025-04-17,36,15,340,307,0.4167,0.9029,0,0
2025-04-18,36,13,340,317,0.3611,0.9324,0,0
2025-04-19,36,11,340,326,0.3056,0.9588,0,0
2025-04-20,36,15,340,352,0.4167,1.0353,0,1
2025-04-21,36,17,340,335,0.4722,0.9853,0,0
2025-04-22,36,8,340,306,0.2222,0.9,0,0
2025-04-23,36,9,340,310,0.25,0.9118,0,0
2025-04-24,36,12,340,331,0.3333,0.9735,0,0
2025-04-25,36,14,340,316,0.3889,0.9294,0,0
2025-04-26,36,17,340,299,0.4722,0.8794,0,0
2025-04-27,36,12,340,303,0.3333,0.8912,0,0
2025-04-28,36,11,340,318,0.3056,0.9353,0,0
2025-04-29,36,17,340,283,0.4722,0.8324,0,0
2025-04-30,36,16,340,308,0.4444,0.9059,0,0
2025-05-01,36,14,340,340,0.3889,1.0,0,0
2025-05-02,36,10,340,350,0.2778,1.0294,0,1
2025-05-03,36,13,340,336,0.3611,0.9882,0,0
2025-05-04,36,10,340,320,0.2778,0.9412,0,0
2025-05-05,36,13,340,280,0.3611,0.8235,0,0
2025-05-06,36,9,340,320,0.25,0.9412,0,0
2025-05-07,36,14,340,280,0.3889,0.8235,0,0
2025-05-08,36,9,340,278,0.25,0.8176,0,0
2025-05-09,36,11,340,303,0.3056,0.8912,0,0
2025-05-10,36,9,340,268,0.25,0.7882,0,0
2025-05-11,36,13,340,261,0.3611,0.7676,0,0
2025-05-12,36,12,340,290,0.3333,0.8529,0,0
2025-05-13,36,8,340,262,0.2222,0.7706,0,0
2025-05-14,36,8,340,287,0.2222,0.8441,0,0
2025-05-15,36,11,340,314,0.3056,0.9235,0,0
2025-05-16,36,5,340,279,0.1389,0.8206,0,0
2025-05-17,36,7,340,265,0.1944,0.7794,0,0
2025-05-18,36,8,340,256,0.2222,0.7529,0,0
2025-05-19,36,10,340,253,0.2778,0.7441,0,0
2025-05-20,36,13,340,263,0.3611,0.7735,0,0
2025-05-21,36,14,340,310,0.3889,0.9118,0,0
2025-05-22,36,9,340,270,0.25,0.7941,0,0
2025-05-23,36,11,340,315,0.3056,0.9265,0,0
2025-05-24,36,12,340,250,0.3333,0.7353,0,0
2025-05-25,36,7,340,255,0.1944,0.75,0,0
2025-05-26,36,11,340,294,0.3056,0.8647,0,0
2025-05-27,36,13,340,253,0.3611,0.7441,0,0
2025-05-28,36,11,340,297,0.3056,0.8735,0,0
2025-05-29,36,9,340,305,0.25,0.8971,0,0
2025-05-30,36,11,340,288,0.3056,0.8471,0,0
2025-05-31,36,5,340,243,0.1389,0.7147,0,0
2025-06-01,36,7,340,249,0.1944,0.7324,0,0
2025-06-02,36,15,340,292,0.4167,0.8588,0,0
2025-06-03,36,8,340,296,0.2222,0.8706,0,0
2025-06-04,36,5,340,246,0.1389,0.7235,0,0
2025-06-05,36,11,340,292,0.3056,0.8588,0,0
2025-06-06,36,11,340,280,0.3056,0.8235,0,0
2025-06-07,36,12,340,286,0.3333,0.8412,0,0
2025-06-08,36,13,340,267,0.3611,0.7853,0,0
2025-06-09,36,14,340,295,0.3889,0.8676,0,0
2025-06-10,36,14,340,266,0.3889,0.7824,0,0
2025-06-11,36,15,340,252,0.4167,0.7412,0,0
2025-06-12,36,10,340,285,0.2778,0.8382,0,0
2025-06-13,36,10,340,286,0.2778,0.8412,0,0
2025-06-14,36,13,340,246,0.3611,0.7235,0,0
2025-06-15,36,12,340,220,0.3333,0.6471,0,0
2025-06-16,36,12,340,269,0.3333,0.7912,0,0
2025-06-17,36,18,340,269,0.5,0.7912,0,0
2025-06-18,36,9,340,294,0.25,0.8647,0,0
2025-06-19,36,8,340,277,0.2222,0.8147,0,0
2025-06-20,36,11,340,248,0.3056,0.7294,0,0
2025-06-21,36,9,340,242,0.25,0.7118,0,0
2025-06-22,36,6,340,244,0.1667,0.7176,0,0
2025-06-23,36,4,340,234,0.1111,0.6882,0,0
2025-06-24,36,4,340,253,0.1111,0.7441,0,0
2025-06-25,36,8,340,232,0.2222,0.6824,0,0
2025-06-26,36,12,340,298,0.3333,0.8765,0,0
2025-06-27,36,10,340,260,0.2778,0.7647,0,0
2025-06-28,36,5,340,260,0.1389,0.7647,0,0
2025-06-29,36,13,340,255,0.3611,0.75,0,0
2025-06-30,36,11,340,228,0.3056,0.6706,0,0
2025-07-01,36,9,340,291,0.25,0.8559,0,0
2025-07-02,36,8,340,271,0.2222,0.7971,0,0
2025-07-03,36,4,340,318,0.1111,0.9353,0,0
2025-07-04,36,8,340,260,0.2222,0.7647,0,0
2025-07-05,36,9,340,227,0.25,0.6676,0,0
2025-07-06,36,7,340,272,0.1944,0.8,0,0
2025-07-07,36,14,340,277,0.3889,0.8147,0,0
2025-07-08,36,12,340,287,0.3333,0.8441,0,0
2025-07-09,36,13,340,316,0.3611,0.9294,0,0
2025-07-10,36,10,340,302,0.2778,0.8882,0,0
2025-07-11,36,11,340,289,0.3056,0.85,0,0
2025-07-12,36,12,340,261,0.3333,0.7676,0,0
2025-07-13,36,15,340,266,0.4167,0.7824,0,0
2025-07-14,36,12,340,248,0.3333,0.7294,0,0
2025-07-15,36,4,340,251,0.1111,0.7382,0,0
2025-07-16,36,6,340,275,0.1667,0.8088,0,0
2025-07-17,36,11,340,233,0.3056,0.6853,0,0
2025-07-18,36,10,340,249,0.2778,0.7324,0,0
2025-07-19,36,6,340,302,0.1667,0.8882,0,0
2025-07-20,36,8,340,261,0.2222,0.7676,0,0
2025-07-21,36,11,340,282,0.3056,0.8294,0,0
2025-07-22,36,9,340,258,0.25,0.7588,0,0
2025-07-23,36,5,340,298,0.1389,0.8765,0,0
2025-07-24,36,11,340,314,0.3056,0.9235,0,0
2025-07-25,36,7,340,306,0.1944,0.9,0,0
2025-07-26,36,11,340,281,0.3056,0.8265,0,0
2025-07-27,36,10,340,259,0.2778,0.7618,0,0
2025-07-28,36,11,340,244,0.3056,0.7176,0,0
2025-07-29,36,14,340,267,0.3889,0.7853,0,0
2025-07-30,36,11,340,286,0.3056,0.8412,0,0
2025-07-31,36,11,340,255,0.3056,0.75,0,0
2025-08-01,36,14,340,282,0.3889,0.8294,0,0
2025-08-02,36,15,340,247,0.4167,0.7265,0,0
2025-08-03,36,10,340,244,0.2778,0.7176,0,0
2025-08-04,36,12,340,245,0.3333,0.7206,0,0
2025-08-05,36,10,340,230,0.2778,0.6765,0,0
2025-08-06,36,8,340,234,0.2222,0.6882,0,0
2025-08-07,36,12,340,247,0.3333,0.7265,0,0
2025-08-08,36,8,340,267,0.2222,0.7853,0,0
2025-08-09,36,14,340,257,0.3889,0.7559,0,0
2025-08-10,36,16,340,247,0.4444,0.7265,0,0
2025-08-11,36,15,340,284,0.4167,0.8353,0,0
2025-08-12,36,14,340,313,0.3889,0.9206,0,0
2025-08-13,36,11,340,272,0.3056,0.8,0,0
2025-08-14,36,8,340,325,0.2222,0.9559,0,0
2025-08-15,36,13,340,328,0.3611,0.9647,0,0
2025-08-16,36,21,340,324,0.5833,0.9529,0,0
2025-08-17,36,11,340,281,0.3056,0.8265,0,0
2025-08-18,36,14,340,313,0.3889,0.9206,0,0
2025-08-19,36,12,340,302,0.3333,0.8882,0,0
2025-08-20,36,12,340,314,0.3333,0.9235,0,0
2025-08-21,36,6,340,255,0.1667,0.75,0,0
2025-08-22,36,6,340,281,0.1667,0.8265,0,0
2025-08-23,36,6,340,273,0.1667,0.8029,0,0
2025-08-24,36,6,340,251,0.1667,0.7382,0,0
2025-08-25,36,8,340,271,0.2222,0.7971,0,0
2025-08-26,36,8,340,247,0.2222,0.7265,0,0
2025-08-27,36,15,340,301,0.4167,0.8853,0,0
2025-08-28,36,13,340,308,0.3611,0.9059,0,0
2025-08-29,36,9,340,286,0.25,0.8412,0,0
2025-08-30,36,11,340,296,0.3056,0.8706,0,0
2025-08-31,36,10,340,272,0.2778,0.8,0,0
2025-09-01,36,8,340,299,0.2222,0.8794,0,0
2025-09-02,36,7,340,310,0.1944,0.9118,0,0
2025-09-03,36,10,340,322,0.2778,0.9471,0,0
2025-09-04,36,4,340,285,0.1111,0.8382,0,0
2025-09-05,36,9,340,312,0.25,0.9176,0,0
2025-09-06,36,12,340,307,0.3333,0.9029,0,0
2025-09-07,36,12,340,310,0.3333,0.9118,0,0
2025-09-08,36,14,340,335,0.3889,0.9853,0,0
2025-09-09,36,14,340,297,0.3889,0.8735,0,0
2025-09-10,36,13,340,334,0.3611,0.9824,0,0
2025-09-11,36,14,340,327,0.3889,0.9618,0,0
2025-09-12,36,15,340,279,0.4167,0.8206,0,0
2025-09-13,36,12,340,291,0.3333,0.8559,0,0
2025-09-14,36,10,340,290,0.2778,0.8529,0,0
2025-09-15,36,11,340,266,0.3056,0.7824,0,0
2025-09-16,36,11,340,258,0.3056,0.7588,0,0
2025-09-17,36,14,340,290,0.3889,0.8529,0,0
2025-09-18,36,10,340,273,0.2778,0.8029,0,0
2025-09-19,36,10,340,302,0.2778,0.8882,0,0
2025-09-20,36,10,340,265,0.2778,0.7794,0,0
2025-09-21,36,8,340,272,0.2222,0.8,0,0
2025-09-22,36,8,340,261,0.2222,0.7676,0,0
2025-09-23,36,8,340,249,0.2222,0.7324,0,0
2025-09-24,36,10,340,292,0.2778,0.8588,0,0
2025-09-25,36,6,340,272,0.1667,0.8,0,0
2025-09-26,36,8,340,274,0.2222,0.8059,0,0
2025-09-27,36,6,340,264,0.1667,0.7765,0,0
2025-09-28,36,12,340,229,0.3333,0.6735,0,0
2025-09-29,36,8,340,245,0.2222,0.7206,0,0
2025-09-30,36,6,340,260,0.1667,0.7647,0,0
2025-10-01,36,10,340,265,0.2778,0.7794,0,0
2025-10-02,36,8,340,238,0.2222,0.7,0,0
2025-10-03,36,10,340,230,0.2778,0.6765,0,0
2025-10-04,36,9,340,237,0.25,0.6971,0,0
2025-10-05,36,14,340,210,0.3889,0.6176,0,0
2025-10-06,36,10,340,215,0.2778,0.6324,0,0
2025-10-07,36,8,340,252,0.2222,0.7412,0,0
2025-10-08,36,14,340,264,0.3889,0.7765,0,0
2025-10-09,36,11,340,310,0.3056,0.9118,0,0
2025-10-10,36,13,340,280,0.3611,0.8235,0,0
2025-10-11,36,11,340,249,0.3056,0.7324,0,0
2025-10-12,36,10,340,255,0.2778,0.75,0,0
2025-10-13,36,14,340,299,0.3889,0.8794,0,0
2025-10-14,36,12,340,312,0.3333,0.9176,0,0
2025-10-15,36,14,340,296,0.3889,0.8706,0,0
2025-10-16,36,8,340,320,0.2222,0.9412,0,0
2025-10-17,36,8,340,294,0.2222,0.8647,0,0
2025-10-18,36,12,340,320,0.3333,0.9412,0,0
2025-10-19,36,17,340,299,0.4722,0.8794,0,0
2025-10-20,36,5,340,270,0.1389,0.7941,0,0
2025-10-21,36,10,340,283,0.2778,0.8324,0,0
2025-10-22,36,10,340,273,0.2778,0.8029,0,0
2025-10-23,36,14,340,301,0.3889,0.8853,0,0
2025-10-24,36,11,340,333,0.3056,0.9794,0,0
2025-10-25,36,11,340,344,0.3056,1.0118,0,1
2025-10-26,36,8,340,271,0.2222,0.7971,0,0
2025-10-27,36,11,340,305,0.3056,0.8971,0,0
2025-10-28,36,10,340,364,0.2778,1.0706,0,1
2025-10-29,36,14,340,323,0.3889,0.95,0,0
2025-10-30,36,10,340,298,0.2778,0.8765,0,0
2025-10-31,36,14,340,331,0.3889,0.9735,0,0
2025-11-01,36,14,340,338,0.3889,0.9941,0,0
2025-11-02,36,12,340,332,0.3333,0.9765,0,0
2025-11-03,36,12,340,336,0.3333,0.9882,0,0
2025-11-04,36,11,340,337,0.3056,0.9912,0,0
2025-11-05,36,13,340,349,0.3611,1.0265,0,1
2025-11-06,36,7,340,307,0.1944,0.9029,0,0
2025-11-07,36,10,340,328,0.2778,0.9647,0,0
2025-11-08,36,15,340,295,0.4167,0.8676,0,0
2025-11-09,36,12,340,317,0.3333,0.9324,0,0
2025-11-10,36,13,340,313,0.3611,0.9206,0,0
2025-11-11,36,18,340,335,0.5,0.9853,0,0
2025-11-12,36,11,340,318,0.3056,0.9353,0,0
2025-11-13,36,16,340,354,0.4444,1.0412,0,1
2025-11-14,36,12,340,344,0.3333,1.0118,0,1
2025-11-15,36,12,340,293,0.3333,0.8618,0,0
2025-11-16,36,16,340,315,0.4444,0.9265,0,0
2025-11-17,36,12,340,339,0.3333,0.9971,0,0
2025-11-18,36,13,340,336,0.3611,0.9882,0,0
2025-11-19,36,11,340,325,0.3056,0.9559,0,0
2025-11-20,36,14,340,351,0.3889,1.0324,0,1
2025-11-21,36,16,340,358,0.4444,1.0529,0,1
2025-11-22,36,12,340,321,0.3333,0.9441,0,0
2025-11-23,36,12,340,326,0.3333,0.9588,0,0
2025-11-24,36,8,340,348,0.2222,1.0235,0,1
2025-11-25,36,15,340,283,0.4167,0.8324,0,0
2025-11-26,36,11,340,322,0.3056,0.9471,0,0
2025-11-27,36,14,340,337,0.3889,0.9912,0,0
2025-11-28,36,16,340,367,0.4444,1.0794,0,1
2025-11-29,36,14,340,331,0.3889,0.9735,0,0
2025-11-30,36,13,340,353,0.3611,1.0382,0,1
2025-12-01,36,12,340,322,0.3333,0.9471,0,0
2025-12-02,36,10,340,298,0.2778,0.8765,0,0
2025-12-03,36,17,340,339,0.4722,0.9971,0,0
2025-12-04,36,12,340,347,0.3333,1.0206,0,1
2025-12-05,36,12,340,370,0.3333,1.0882,0,1
2025-12-06,36,17,340,302,0.4722,0.8882,0,0
2025-12-07,36,16,340,370,0.4444,1.0882,0,1
2025-12-08,36,13,340,346,0.3611,1.0176,0,1
2025-12-09,36,12,340,344,0.3333,1.0118,0,1
2025-12-10,36,14,340,337,0.3889,0.9912,0,0
2025-12-11,36,14,340,341,0.3889,1.0029,0,1
2025-12-12,36,14,340,355,0.3889,1.0441,0,1
2025-12-13,36,14,340,362,0.3889,1.0647,0,1
2025-12-14,36,13,340,372,0.3611,1.0941,0,1
2025-12-15,36,12,340,365,0.3333,1.0735,0,1
2025-12-16,36,13,340,319,0.3611,0.9382,0,0
2025-12-17,36,11,340,311,0.3056,0.9147,0,0
2025-12-18,36,10,340,351,0.2778,1.0324,0,1
2025-12-19,36,14,340,364,0.3889,1.0706,0,1
2025-12-20,36,14,340,333,0.3889,0.9794,0,0
2025-12-21,36,16,340,322,0.4444,0.9471,0,0
2025-12-22,36,12,340,332,0.3333,0.9765,0,0
2025-12-23,36,10,340,321,0.2778,0.9441,0,0
2025-12-24,36,9,340,348,0.25,1.0235,0,1
2025-12-25,36,13,340,365,0.3611,1.0735,0,1
2025-12-26,36,16,340,337,0.4444,0.9912,0,0
2025-12-27,36,12,340,283,0.3333,0.8324,0,0
2025-12-28,36,10,340,318,0.2778,0.9353,0,0
2025-12-29,36,12,340,349,0.3333,1.0265,0,1
2025-12-30,36,13,340,328,0.3611,0.9647,0,0
2025-12-31,36,15,340,322,0.4167,0.9471,0,0
2026-01-01,36,20,340,345,0.5556,1.0147,0,1
2026-01-02,36,13,340,361,0.3611,1.0618,0,1
2026-01-03,36,13,340,379,0.3611,1.1147,0,1
2026-01-04,36,15,340,348,0.4167,1.0235,0,1
2026-01-05,36,12,340,323,0.3333,0.95,0,0
2026-01-06,36,13,340,306,0.3611,0.9,0,0
2026-01-07,36,10,340,316,0.2778,0.9294,0,0
2026-01-08,36,12,340,373,0.3333,1.0971,0,1
2026-01-09,36,11,340,337,0.3056,0.9912,0,0
2026-01-10,36,11,340,326,0.3056,0.9588,0,0
2026-01-11,36,7,340,320,0.1944,0.9412,0,0
2026-01-12,36,12,340,330,0.3333,0.9706,0,0
2026-01-13,36,11,340,341,0.3056,1.0029,0,1
2026-01-14,36,18,340,363,0.5,1.0676,0,1
2026-01-15,36,15,340,332,0.4167,0.9765,0,0
2026-01-16,36,15,340,332,0.4167,0.9765,0,0
2026-01-17,36,16,340,375,0.4444,1.1029,0,1
2026-01-18,36,10,340,303,0.2778,0.8912,0,0
2026-01-19,36,10,340,307,0.2778,0.9029,0,0
2026-01-20,36,12,340,321,0.3333,0.9441,0,0
2026-01-21,36,13,340,334,0.3611,0.9824,0,0
2026-01-22,36,14,340,351,0.3889,1.0324,0,1
2026-01-23,36,9,340,371,0.25,1.0912,0,1
2026-01-24,36,14,340,385,0.3889,1.1324,0,1
2026-01-25,36,13,340,325,0.3611,0.9559,0,0
2026-01-26,36,11,340,312,0.3056,0.9176,0,0
2026-01-27,36,10,340,326,0.2778,0.9588,0,0
2026-01-28,36,11,340,377,0.3056,1.1088,0,1
2026-01-29,36,7,340,333,0.1944,0.9794,0,0
2026-01-30,36,11,340,349,0.3056,1.0265,0,1
2026-01-31,36,12,340,343,0.3333,1.0088,0,1
2026-02-01,36,7,340,306,0.1944,0.9,0,0
2026-02-02,36,10,340,361,0.2778,1.0618,0,1
2026-02-03,36,13,340,363,0.3611,1.0676,0,1
2026-02-04,36,16,340,317,0.4444,0.9324,0,0
2026-02-05,36,13,340,340,0.3611,1.0,0,0
2026-02-06,36,12,340,334,0.3333,0.9824,0,0
2026-02-07,36,15,340,330,0.4167,0.9706,0,0
2026-02-08,36,11,340,278,0.3056,0.8176,0,0
2026-02-09,36,7,340,354,0.1944,1.0412,0,1
2026-02-10,36,12,340,335,0.3333,0.9853,0,0
2026-02-11,36,14,340,335,0.3889,0.9853,0,0
2026-02-12,36,13,340,385,0.3611,1.1324,0,1
2026-02-13,36,10,340,332,0.2778,0.9765,0,0
2026-02-14,36,11,340,338,0.3056,0.9941,0,0
2026-02-15,36,9,340,301,0.25,0.8853,0,0
2026-02-16,36,12,340,350,0.3333,1.0294,0,1
2026-02-17,36,13,340,327,0.3611,0.9618,0,0
2026-02-18,36,14,340,331,0.3889,0.9735,0,0
2026-02-19,36,13,340,312,0.3611,0.9176,0,0
2026-02-20,36,11,340,322,0.3056,0.9471,0,0
2026-02-21,36,13,340,260,0.3611,0.7647,0,0
2026-02-22,36,13,340,302,0.3611,0.8882,0,0
2026-02-23,36,12,340,342,0.3333,1.0059,0,1
2026-02-24,36,16,340,313,0.4444,0.9206,0,0
2026-02-25,36,21,340,329,0.5833,0.9676,0,0
2026-02-26,36,9,340,360,0.25,1.0588,0,1
2026-02-27,36,11,340,379,0.3056,1.1147,0,1
2026-02-28,36,14,340,334,0.3889,0.9824,0,0
2026-03-01,36,18,340,342,0.5,1.0059,0,1
2026-03-02,36,13,340,313,0.3611,0.9206,0,0
2026-03-03,36,14,340,325,0.3889,0.9559,0,0
2026-03-04,36,13,340,343,0.3611,1.0088,0,1
2026-03-05,36,10,340,361,0.2778,1.0618,0,1
2026-03-06,36,17,340,330,0.4722,0.9706,0,0
2026-03-07,36,16,340,346,0.4444,1.0176,0,1
2026-03-08,36,12,340,294,0.3333,0.8647,0,0
2026-03-09,36,11,340,316,0.3056,0.9294,0,0
2026-03-10,36,15,340,323,0.4167,0.95,0,0
2026-03-11,36,17,340,326,0.4722,0.9588,0,0
2026-03-12,36,14,340,327,0.3889,0.9618,0,0
2026-03-13,36,8,340,338,0.2222,0.9941,0,0
2026-03-14,36,8,340,350,0.2222,1.0294,0,1
2026-03-15,36,12,340,333,0.3333,0.9794,0,0
2026-03-16,36,17,340,325,0.4722,0.9559,0,0
2026-03-17,36,17,340,317,0.4722,0.9324,0,0
2026-03-18,36,12,340,358,0.3333,1.0529,0,1
2026-03-19,36,9,340,362,0.25,1.0647,0,1
2026-03-20,36,12,340,346,0.3333,1.0176,0,1
2026-03-21,36,9,340,276,0.25,0.8118,0,0
2026-03-22,36,9,340,261,0.25,0.7676,0,0
2026-03-23,36,12,340,312,0.3333,0.9176,0,0
2026-03-24,36,13,340,307,0.3611,0.9029,0,0
2026-03-25,36,12,340,343,0.3333,1.0088,0,1
2026-03-26,36,15,340,335,0.4167,0.9853,0,0
2026-03-27,36,16,340,297,0.4444,0.8735,0,0
2026-03-28,36,11,340,292,0.3056,0.8588,0,0
2026-03-29,36,11,340,275,0.3056,0.8088,0,0
2026-03-30,36,13,340,350,0.3611,1.0294,0,1
2026-03-31,36,17,340,316,0.4722,0.9294,0,0
2026-04-01,36,13,340,309,0.3611,0.9088,0,0
2026-04-02,36,13,340,317,0.3611,0.9324,0,0
2026-04-03,36,13,340,349,0.3611,1.0265,0,1
2026-04-04,36,17,340,348,0.4722,1.0235,0,1
2026-04-05,36,15,340,308,0.4167,0.9059,0,0
2026-04-06,36,9,340,299,0.25,0.8794,0,0
2026-04-07,36,13,340,311,0.3611,0.9147,0,0
2026-04-08,36,11,340,350,0.3056,1.0294,0,1
2026-04-09,36,15,340,321,0.4167,0.9441,0,0
2026-04-10,36,12,340,330,0.3333,0.9706,0,0
2026-04-11,36,14,340,333,0.3889,0.9794,0,0
2026-04-12,36,13,340,323,0.3611,0.95,0,0
2026-04-13,36,14,340,280,0.3889,0.8235,0,0
2026-04-14,36,7,340,346,0.1944,1.0176,0,1
2026-04-15,36,10,340,299,0.2778,0.8794,0,0
2026-04-16,36,11,340,329,0.3056,0.9676,0,0
2026-04-17,36,15,340,293,0.4167,0.8618,0,0
2026-04-18,36,13,340,304,0.3611,0.8941,0,0
2026-04-19,36,13,340,316,0.3611,0.9294,0,0
2026-04-20,36,21,340,305,0.5833,0.8971,0,0
2026-04-21,36,14,340,329,0.3889,0.9676,0,0
2026-04-22,36,13,340,319,0.3611,0.9382,0,0
2026-04-23,36,8,340,288,0.2222,0.8471,0,0
2026-04-24,36,18,340,310,0.5,0.9118,0,0
2026-04-25,36,17,340,312,0.4722,0.9176,0,0
2026-04-26,36,15,340,318,0.4167,0.9353,0,0
2026-04-27,36,12,340,327,0.3333,0.9618,0,0
2026-04-28,36,8,340,318,0.2222,0.9353,0,0
2026-04-29,36,9,340,342,0.25,1.0059,0,1
2026-04-30,36,13,340,325,0.3611,0.9559,0,0
2026-05-01,36,15,340,305,0.4167,0.8971,0,0
2026-05-02,36,10,340,335,0.2778,0.9853,0,0
2026-05-03,36,12,340,293,0.3333,0.8618,0,0
2026-05-04,36,10,340,328,0.2778,0.9647,0,0
2026-05-05,36,16,340,300,0.4444,0.8824,0,0
2026-05-06,36,15,340,322,0.4167,0.9471,0,0
2026-05-07,36,10,340,305,0.2778,0.8971,0,0
2026-05-08,36,14,340,319,0.3889,0.9382,0,0
2026-05-09,36,10,340,290,0.2778,0.8529,0,0
2026-05-10,36,14,340,323,0.3889,0.95,0,0
2026-05-11,36,9,340,357,0.25,1.05,0,1
2026-05-12,36,25,340,290,0.6944,0.8529,0,0
2026-05-13,36,16,340,324,0.4444,0.9529,0,0
2026-05-14,36,12,340,307,0.3333,0.9029,0,0
2026-05-15,36,13,340,295,0.3611,0.8676,0,0
2026-05-16,36,16,340,373,0.4444,1.0971,0,1
2026-05-17,36,14,340,307,0.3889,0.9029,0,0
2026-05-18,36,10,340,305,0.2778,0.8971,0,0
2026-05-19,36,9,340,274,0.25,0.8059,0,0
2026-05-20,36,10,340,271,0.2778,0.7971,0,0
2026-05-21,36,12,340,281,0.3333,0.8265,0,0
2026-05-22,36,9,340,307,0.25,0.9029,0,0
2026-05-23,36,12,340,311,0.3333,0.9147,0,0
2026-05-24,36,11,340,269,0.3056,0.7912,0,0
2026-05-25,36,8,340,248,0.2222,0.7294,0,0
2026-05-26,36,11,340,238,0.3056,0.7,0,0
2026-05-27,36,15,340,294,0.4167,0.8647,0,0
2026-05-28,36,13,340,308,0.3611,0.9059,0,0
2026-05-29,36,12,340,304,0.3333,0.8941,0,0
2026-05-30,36,7,340,266,0.1944,0.7824,0,0
2026-05-31,36,9,340,271,0.25,0.7971,0,0
2026-06-01,36,8,340,265,0.2222,0.7794,0,0
2026-06-02,36,16,340,313,0.4444,0.9206,0,0
2026-06-03,36,16,340,262,0.4444,0.7706,0,0
2026-06-04,36,15,340,290,0.4167,0.8529,0,0
2026-06-05,36,15,340,268,0.4167,0.7882,0,0
2026-06-06,36,6,340,265,0.1667,0.7794,0,0
2026-06-07,36,14,340,276,0.3889,0.8118,0,0
2026-06-08,36,20,340,275,0.5556,0.8088,0,0
2026-06-09,36,10,340,289,0.2778,0.85,0,0
2026-06-10,36,10,340,264,0.2778,0.7765,0,0
2026-06-11,36,14,340,290,0.3889,0.8529,0,0
2026-06-12,36,13,340,293,0.3611,0.8618,0,0
2026-06-13,36,8,340,269,0.2222,0.7912,0,0
2026-06-14,36,10,340,251,0.2778,0.7382,0,0
2026-06-15,36,8,340,272,0.2222,0.8,0,0
2026-06-16,36,11,340,271,0.3056,0.7971,0,0
2026-06-17,36,9,340,270,0.25,0.7941,0,0
2026-06-18,36,16,340,332,0.4444,0.9765,0,0
2026-06-19,36,13,340,301,0.3611,0.8853,0,0
2026-06-20,36,17,340,282,0.4722,0.8294,0,0
2026-06-21,36,17,340,250,0.4722,0.7353,0,0
2026-06-22,36,12,340,266,0.3333,0.7824,0,0
2026-06-23,36,9,340,307,0.25,0.9029,0,0
2026-06-24,36,11,340,281,0.3056,0.8265,0,0
2026-06-25,36,12,340,278,0.3333,0.8176,0,0
2026-06-26,36,20,340,330,0.5556,0.9706,0,0
2026-06-27,36,10,340,291,0.2778,0.8559,0,0
2026-06-28,36,12,340,265,0.3333,0.7794,0,0
2026-06-29,36,11,340,283,0.3056,0.8324,0,0
2026-06-30,36,15,340,305,0.4167,0.8971,0,0
2026-07-01,36,14,340,310,0.3889,0.9118,0,0
2026-07-02,36,12,340,286,0.3333,0.8412,0,0
2026-07-03,36,16,340,265,0.4444,0.7794,0,0
2026-07-04,36,9,340,247,0.25,0.7265,0,0
2026-07-05,36,10,340,209,0.2778,0.6147,0,0
2026-07-06,36,9,340,252,0.25,0.7412,0,0
2026-07-07,36,12,340,289,0.3333,0.85,0,0
2026-07-08,36,14,340,271,0.3889,0.7971,0,0
2026-07-09,36,8,340,265,0.2222,0.7794,0,0
2026-07-10,36,13,340,294,0.3611,0.8647,0,0
2026-07-11,36,9,340,262,0.25,0.7706,0,0
2026-07-12,36,5,340,220,0.1389,0.6471,0,0
2026-07-13,36,12,340,252,0.3333,0.7412,0,0
2026-07-14,36,12,340,253,0.3333,0.7441,0,0
2026-07-15,36,9,340,290,0.25,0.8529,0,0
2026-07-16,36,7,340,260,0.1944,0.7647,0,0
2026-07-17,36,9,340,243,0.25,0.7147,0,0
2026-07-18,36,12,340,238,0.3333,0.7,0,0
2026-07-19,36,7,340,228,0.1944,0.6706,0,0
2026-07-20,36,9,340,243,0.25,0.7147,0,0
2026-07-21,36,8,340,243,0.2222,0.7147,0,0
2026-07-22,36,10,340,223,0.2778,0.6559,0,0
2026-07-23,36,6,340,288,0.1667,0.8471,0,0
2026-07-24,36,6,340,222,0.1667,0.6529,0,0
2026-07-25,36,9,340,264,0.25,0.7765,0,0
2026-07-26,36,8,340,222,0.2222,0.6529,0,0
2026-07-27,36,4,340,224,0.1111,0.6588,0,0
2026-07-28,36,7,340,242,0.1944,0.7118,0,0
2026-07-29,36,10,340,228,0.2778,0.6706,0,0
2026-07-30,36,9,340,272,0.25,0.8,0,0
2026-07-31,36,6,340,281,0.1667,0.8265,0,0
2026-08-01,36,12,340,276,0.3333,0.8118,0,0
2026-08-02,36,7,340,309,0.1944,0.9088,0,0
2026-08-03,36,8,340,294,0.2222,0.8647,0,0
2026-08-04,36,6,340,310,0.1667,0.9118,0,0
2026-08-05,36,11,340,311,0.3056,0.9147,0,0
2026-08-06,36,7,340,298,0.1944,0.8765,0,0
2026-08-07,36,7,340,301,0.1944,0.8853,0,0
2026-08-08,36,11,340,307,0.3056,0.9029,0,0
2026-08-09,36,10,340,323,0.2778,0.95,0,0
2026-08-10,36,17,340,297,0.4722,0.8735,0,0
2026-08-11,36,7,340,318,0.1944,0.9353,0,0
2026-08-12,36,13,340,277,0.3611,0.8147,0,0
2026-08-13,36,6,340,285,0.1667,0.8382,0,0
2026-08-14,36,11,340,313,0.3056,0.9206,0,0
2026-08-15,36,15,340,286,0.4167,0.8412,0,0
2026-08-16,36,13,340,258,0.3611,0.7588,0,0
2026-08-17,36,11,340,286,0.3056,0.8412,0,0
2026-08-18,36,16,340,291,0.4444,0.8559,0,0
2026-08-19,36,12,340,335,0.3333,0.9853,0,0
2026-08-20,36,12,340,273,0.3333,0.8029,0,0
2026-08-21,36,7,340,277,0.1944,0.8147,0,0
2026-08-22,36,11,340,300,0.3056,0.8824,0,0
2026-08-23,36,11,340,274,0.3056,0.8059,0,0
2026-08-24,36,8,340,270,0.2222,0.7941,0,0
2026-08-25,36,8,340,309,0.2222,0.9088,0,0
2026-08-26,36,8,340,301,0.2222,0.8853,0,0
2026-08-27,36,12,340,311,0.3333,0.9147,0,0
2026-08-28,36,4,340,284,0.1111,0.8353,0,0
2026-08-29,36,15,340,334,0.4167,0.9824,0,0
2026-08-30,36,6,340,276,0.1667,0.8118,0,0
2026-08-31,36,7,340,261,0.1944,0.7676,0,0
2026-09-01,36,6,340,282,0.1667,0.8294,0,0
2026-09-02,36,8,340,249,0.2222,0.7324,0,0
2026-09-03,36,10,340,273,0.2778,0.8029,0,0
2026-09-04,36,7,340,264,0.1944,0.7765,0,0
2026-09-05,36,15,340,312,0.4167,0.9176,0,0
2026-09-06,36,12,340,317,0.3333,0.9324,0,0
2026-09-07,36,10,340,288,0.2778,0.8471,0,0
2026-09-08,36,11,340,310,0.3056,0.9118,0,0
2026-09-09,36,14,340,289,0.3889,0.85,0,0
2026-09-10,36,8,340,301,0.2222,0.8853,0,0
2026-09-11,36,12,340,286,0.3333,0.8412,0,0
2026-09-12,36,8,340,265,0.2222,0.7794,0,0
2026-09-13,36,11,340,252,0.3056,0.7412,0,0
2026-09-14,36,10,340,250,0.2778,0.7353,0,0
2026-09-15,36,10,340,260,0.2778,0.7647,0,0
2026-09-16,36,11,340,254,0.3056,0.7471,0,0
2026-09-17,36,12,340,253,0.3333,0.7441,0,0
2026-09-18,36,9,340,259,0.25,0.7618,0,0
2026-09-19,36,9,340,250,0.25,0.7353,0,0
2026-09-20,36,7,340,273,0.1944,0.8029,0,0
2026-09-21,36,6,340,267,0.1667,0.7853,0,0
2026-09-22,36,11,340,271,0.3056,0.7971,0,0
2026-09-23,36,12,340,278,0.3333,0.8176,0,0
2026-09-24,36,15,340,307,0.4167,0.9029,0,0
2026-09-25,36,8,340,303,0.2222,0.8912,0,0
2026-09-26,36,9,340,258,0.25,0.7588,0,0
2026-09-27,36,12,340,241,0.3333,0.7088,0,0
2026-09-28,36,9,340,253,0.25,0.7441,0,0
2026-09-29,36,11,340,283,0.3056,0.8324,0,0
2026-09-30,36,7,340,337,0.1944,0.9912,0,0
