core_fte,total_cost_week,agency_shifts_week,idle_shifts_week
137.89999999999998,664667.2846153845,284.23192307692307,0.0
142.825,655772.7346153846,261.0844230769231,0.0
147.75,646878.8027692308,237.93755384615386,0.0006307692307692283
152.67499999999998,637986.8440211539,214.79269798076936,0.0032749038461538215
157.60000000000002,629102.3492923079,191.65545846153856,0.013535384615384569
162.52499999999998,620241.4492884616,168.54229519230776,0.047872115384615235
167.45,611448.7962961539,145.49877173076933,0.15184865384615334
172.375,602807.1140000001,122.60930000000006,0.4098769230769223
177.3,594489.9114000001,100.05093000000005,0.9990069230769221
182.22500000000002,586792.5128153847,78.12501307692308,2.2205900000000005
187.14999999999998,580184.9771307693,57.31120115384625,4.554278076923062
192.07500000000002,575432.4291692307,38.390233846153826,8.780810769230776
197.0,573492.7401538462,22.339530769230812,15.87760769230767
201.92499999999998,575469.1903153847,10.284888076923123,26.970464999999944
206.85000000000002,582164.0739923078,3.0449734615384596,42.878050384615406
211.77499999999998,593619.8061499998,0.6630675000000056,63.643644423076786
216.70000000000002,606895.8747384616,0.13864769230769158,86.2667246153846
221.625,620557.1163076923,0.007261538461538854,109.28283846153838
226.54999999999998,634340.0,0.0,132.4230769230768
231.47500000000002,648130.0000000001,0.0,155.5705769230769
236.40000000000003,661920.0000000001,0.0,178.71807692307692
241.32500000000002,675710.0,0.0,201.86557692307687
246.25,689500.0,0.0,225.01307692307688
251.17499999999998,703290.0,0.0,248.16057692307692
256.1,717080.0000000001,0.0,271.30807692307695
261.02500000000003,730870.0000000001,0.0,294.455576923077
265.95000000000005,744660.0000000001,0.0,317.6030769230769
