date,required_rn_shifts,scheduled_core_shifts,core_shifts_worked,agency_shifts,idle_core_shifts,cost_usd
2023-01-01,138,125,121,17,0,84420
2023-01-02,138,125,115,23,0,86940
2023-01-03,138,125,118,20,0,85680
2023-01-04,134,125,116,18,0,82600
2023-01-05,134,125,120,14,0,80920
2023-01-06,136,125,120,16,0,82880
2023-01-07,130,125,125,5,0,74900
2023-01-08,132,125,119,13,0,79380
2023-01-09,140,125,117,23,0,88060
2023-01-10,136,125,121,15,0,82460
2023-01-11,140,125,115,25,0,88900
2023-01-12,140,125,115,25,0,88900
2023-01-13,138,125,120,18,0,84840
2023-01-14,130,125,118,12,0,77840
2023-01-15,120,125,117,3,0,68460
2023-01-16,134,125,115,19,0,83020
2023-01-17,136,125,120,16,0,82880
2023-01-18,138,125,114,24,0,87360
2023-01-19,134,125,118,16,0,81760
2023-01-20,132,125,119,13,0,79380
2023-01-21,130,125,120,10,0,77000
2023-01-22,132,125,115,17,0,81060
2023-01-23,130,125,117,13,0,78260
2023-01-24,128,125,118,10,0,75880
2023-01-25,124,125,117,7,0,72380
2023-01-26,124,125,120,4,0,71120
2023-01-27,128,125,122,6,0,74200
2023-01-28,124,125,117,7,0,72380
2023-01-29,118,125,120,0,2,67200
2023-01-30,120,125,122,0,2,68320
2023-01-31,124,125,121,3,0,70700
2023-02-01,126,125,120,6,0,73080
2023-02-02,126,125,121,5,0,72660
2023-02-03,126,125,116,10,0,74760
2023-02-04,120,125,119,1,0,67620
2023-02-05,122,125,120,2,0,69160
2023-02-06,122,125,120,2,0,69160
2023-02-07,120,125,116,4,0,68880
2023-02-08,124,125,110,14,0,75320
2023-02-09,134,125,115,19,0,83020
2023-02-10,132,125,119,13,0,79380
2023-02-11,128,125,119,9,0,75460
2023-02-12,126,125,116,10,0,74760
2023-02-13,122,125,120,2,0,69160
2023-02-14,124,125,114,10,0,73640
2023-02-15,130,125,113,17,0,79940
2023-02-16,130,125,112,18,0,80360
2023-02-17,136,125,118,18,0,83720
2023-02-18,136,125,112,24,0,86240
2023-02-19,134,125,118,16,0,81760
2023-02-20,136,125,118,18,0,83720
2023-02-21,138,125,116,22,0,86520
2023-02-22,132,125,119,13,0,79380
2023-02-23,130,125,114,16,0,79520
2023-02-24,130,125,123,7,0,75740
2023-02-25,124,125,115,9,0,73220
2023-02-26,118,125,123,0,5,68880
2023-02-27,120,125,119,1,0,67620
2023-02-28,126,125,123,3,0,71820
2023-03-01,124,125,119,5,0,71540
2023-03-02,134,125,116,18,0,82600
2023-03-03,128,125,119,9,0,75460
2023-03-04,120,125,114,6,0,69720
2023-03-05,114,125,122,0,8,68320
2023-03-06,126,125,118,8,0,73920
2023-03-07,126,125,123,3,0,71820
2023-03-08,120,125,112,8,0,70560
2023-03-09,120,125,121,0,1,67760
2023-03-10,124,125,119,5,0,71540
2023-03-11,122,125,117,5,0,70420
2023-03-12,116,125,120,0,4,67200
2023-03-13,128,125,123,5,0,73780
2023-03-14,130,125,119,11,0,77420
2023-03-15,132,125,116,16,0,80640
2023-03-16,128,125,114,14,0,77560
2023-03-17,120,125,118,2,0,68040
2023-03-18,122,125,116,6,0,70840
2023-03-19,116,125,117,0,1,65520
2023-03-20,116,125,117,0,1,65520
2023-03-21,128,125,120,8,0,75040
2023-03-22,130,125,116,14,0,78680
2023-03-23,132,125,113,19,0,81900
2023-03-24,130,125,116,14,0,78680
2023-03-25,124,125,119,5,0,71540
2023-03-26,126,125,120,6,0,73080
2023-03-27,122,125,121,1,0,68740
2023-03-28,126,125,120,6,0,73080
2023-03-29,118,125,116,2,0,66920
2023-03-30,118,125,116,2,0,66920
2023-03-31,114,125,118,0,4,66080
2023-04-01,102,125,116,0,14,64960
2023-04-02,110,125,120,0,10,67200
2023-04-03,120,125,120,0,0,67200
2023-04-04,132,125,117,15,0,80220
2023-04-05,130,125,118,12,0,77840
2023-04-06,124,125,116,8,0,72800
2023-04-07,130,125,112,18,0,80360
2023-04-08,134,125,114,20,0,83440
2023-04-09,126,125,118,8,0,73920
2023-04-10,126,125,113,13,0,76020
2023-04-11,130,125,120,10,0,77000
2023-04-12,130,125,116,14,0,78680
2023-04-13,132,125,116,16,0,80640
2023-04-14,124,125,117,7,0,72380
2023-04-15,118,125,115,3,0,67340
2023-04-16,108,125,113,0,5,63280
2023-04-17,106,125,118,0,12,66080
2023-04-18,108,125,119,0,11,66640
2023-04-19,108,125,117,0,9,65520
2023-04-20,114,125,119,0,5,66640
2023-04-21,114,125,117,0,3,65520
2023-04-22,110,125,115,0,5,64400
2023-04-23,104,125,120,0,16,67200
2023-04-24,114,125,115,0,1,64400
2023-04-25,114,125,119,0,5,66640
2023-04-26,116,125,121,0,5,67760
2023-04-27,116,125,120,0,4,67200
2023-04-28,110,125,115,0,5,64400
2023-04-29,110,125,119,0,9,66640
2023-04-30,104,125,119,0,15,66640
2023-05-01,116,125,116,0,0,64960
2023-05-02,112,125,118,0,6,66080
2023-05-03,118,125,118,0,0,66080
2023-05-04,112,125,115,0,3,64400
2023-05-05,116,125,118,0,2,66080
2023-05-06,120,125,117,3,0,68460
2023-05-07,118,125,116,2,0,66920
2023-05-08,128,125,116,12,0,76720
2023-05-09,132,125,115,17,0,81060
2023-05-10,132,125,118,14,0,79800
2023-05-11,134,125,119,15,0,81340
2023-05-12,116,125,118,0,2,66080
2023-05-13,112,125,115,0,3,64400
2023-05-14,108,125,121,0,13,67760
2023-05-15,114,125,119,0,5,66640
2023-05-16,124,125,114,10,0,73640
2023-05-17,126,125,114,12,0,75600
2023-05-18,128,125,114,14,0,77560
2023-05-19,130,125,120,10,0,77000
2023-05-20,122,125,117,5,0,70420
2023-05-21,108,125,116,0,8,64960
2023-05-22,106,125,112,0,6,62720
2023-05-23,108,125,115,0,7,64400
2023-05-24,110,125,121,0,11,67760
2023-05-25,116,125,115,1,0,65380
2023-05-26,118,125,119,0,1,66640
2023-05-27,110,125,114,0,4,63840
2023-05-28,98,125,117,0,19,65520
2023-05-29,104,125,117,0,13,65520
2023-05-30,106,125,118,0,12,66080
2023-05-31,106,125,119,0,13,66640
2023-06-01,114,125,115,0,1,64400
2023-06-02,112,125,116,0,4,64960
2023-06-03,114,125,120,0,6,67200
2023-06-04,114,125,120,0,6,67200
2023-06-05,114,125,119,0,5,66640
2023-06-06,116,125,119,0,3,66640
2023-06-07,110,125,117,0,7,65520
2023-06-08,114,125,120,0,6,67200
2023-06-09,116,125,121,0,5,67760
2023-06-10,102,125,124,0,22,69440
2023-06-11,100,125,123,0,23,68880
2023-06-12,108,125,117,0,9,65520
2023-06-13,104,125,118,0,14,66080
2023-06-14,106,125,120,0,14,67200
2023-06-15,98,125,120,0,22,67200
2023-06-16,100,125,119,0,19,66640
2023-06-17,96,125,120,0,24,67200
2023-06-18,98,125,113,0,15,63280
2023-06-19,106,125,120,0,14,67200
2023-06-20,106,125,117,0,11,65520
2023-06-21,112,125,119,0,7,66640
2023-06-22,114,125,118,0,4,66080
2023-06-23,106,125,118,0,12,66080
2023-06-24,90,125,117,0,27,65520
2023-06-25,80,125,120,0,40,67200
2023-06-26,84,125,114,0,30,63840
2023-06-27,90,125,120,0,30,67200
2023-06-28,100,125,117,0,17,65520
2023-06-29,104,125,119,0,15,66640
2023-06-30,106,125,115,0,9,64400
2023-07-01,116,125,113,3,0,66220
2023-07-02,108,125,114,0,6,63840
2023-07-03,114,125,111,3,0,65100
2023-07-04,118,125,117,1,0,66500
2023-07-05,118,125,118,0,0,66080
2023-07-06,112,125,121,0,9,67760
2023-07-07,102,125,114,0,12,63840
2023-07-08,96,125,120,0,24,67200
2023-07-09,92,125,113,0,21,63280
2023-07-10,104,125,115,0,11,64400
2023-07-11,110,125,116,0,6,64960
2023-07-12,114,125,114,0,0,63840
2023-07-13,106,125,118,0,12,66080
2023-07-14,108,125,116,0,8,64960
2023-07-15,102,125,118,0,16,66080
2023-07-16,94,125,119,0,25,66640
2023-07-17,106,125,124,0,18,69440
2023-07-18,114,125,120,0,6,67200
2023-07-19,120,125,117,3,0,68460
2023-07-20,120,125,118,2,0,68040
2023-07-21,120,125,122,0,2,68320
2023-07-22,108,125,115,0,7,64400
2023-07-23,106,125,118,0,12,66080
2023-07-24,108,125,118,0,10,66080
2023-07-25,100,125,118,0,18,66080
2023-07-26,108,125,120,0,12,67200
2023-07-27,118,125,118,0,0,66080
2023-07-28,118,125,120,0,2,67200
2023-07-29,114,125,112,2,0,64680
2023-07-30,106,125,122,0,16,68320
2023-07-31,110,125,118,0,8,66080
2023-08-01,106,125,116,0,10,64960
2023-08-02,102,125,123,0,21,68880
2023-08-03,102,125,124,0,22,69440
2023-08-04,104,125,119,0,15,66640
2023-08-05,100,125,122,0,22,68320
2023-08-06,94,125,122,0,28,68320
2023-08-07,104,125,120,0,16,67200
2023-08-08,106,125,116,0,10,64960
2023-08-09,106,125,117,0,11,65520
2023-08-10,116,125,118,0,2,66080
2023-08-11,118,125,121,0,3,67760
2023-08-12,118,125,122,0,4,68320
2023-08-13,116,125,117,0,1,65520
2023-08-14,128,125,120,8,0,75040
2023-08-15,124,125,117,7,0,72380
2023-08-16,118,125,119,0,1,66640
2023-08-17,116,125,117,0,1,65520
2023-08-18,114,125,117,0,3,65520
2023-08-19,116,125,120,0,4,67200
2023-08-20,114,125,114,0,0,63840
2023-08-21,116,125,115,1,0,65380
2023-08-22,122,125,118,4,0,70000
2023-08-23,118,125,116,2,0,66920
2023-08-24,120,125,121,0,1,67760
2023-08-25,124,125,120,4,0,71120
2023-08-26,124,125,119,5,0,71540
2023-08-27,124,125,117,7,0,72380
2023-08-28,128,125,118,10,0,75880
2023-08-29,124,125,119,5,0,71540
2023-08-30,124,125,120,4,0,71120
2023-08-31,126,125,119,7,0,73500
2023-09-01,114,125,117,0,3,65520
2023-09-02,114,125,116,0,2,64960
2023-09-03,118,125,117,1,0,66500
2023-09-04,124,125,121,3,0,70700
2023-09-05,122,125,118,4,0,70000
2023-09-06,120,125,118,2,0,68040
2023-09-07,116,125,116,0,0,64960
2023-09-08,112,125,118,0,6,66080
2023-09-09,108,125,117,0,9,65520
2023-09-10,106,125,111,0,5,62160
2023-09-11,108,125,119,0,11,66640
2023-09-12,114,125,117,0,3,65520
2023-09-13,114,125,122,0,8,68320
2023-09-14,108,125,122,0,14,68320
2023-09-15,112,125,119,0,7,66640
2023-09-16,102,125,118,0,16,66080
2023-09-17,96,125,112,0,16,62720
2023-09-18,100,125,121,0,21,67760
2023-09-19,112,125,118,0,6,66080
2023-09-20,118,125,111,7,0,69020
2023-09-21,122,125,120,2,0,69160
2023-09-22,122,125,114,8,0,71680
2023-09-23,118,125,116,2,0,66920
2023-09-24,108,125,119,0,11,66640
2023-09-25,100,125,117,0,17,65520
2023-09-26,114,125,120,0,6,67200
2023-09-27,124,125,115,9,0,73220
2023-09-28,124,125,118,6,0,71960
2023-09-29,120,125,118,2,0,68040
2023-09-30,114,125,116,0,2,64960
2023-10-01,108,125,120,0,12,67200
2023-10-02,116,125,117,0,1,65520
2023-10-03,130,125,118,12,0,77840
2023-10-04,132,125,117,15,0,80220
2023-10-05,122,125,120,2,0,69160
2023-10-06,124,125,118,6,0,71960
2023-10-07,114,125,113,1,0,64260
2023-10-08,110,125,116,0,6,64960
2023-10-09,120,125,119,1,0,67620
2023-10-10,120,125,118,2,0,68040
2023-10-11,130,125,114,16,0,79520
2023-10-12,128,125,116,12,0,76720
2023-10-13,118,125,116,2,0,66920
2023-10-14,112,125,119,0,7,66640
2023-10-15,114,125,118,0,4,66080
2023-10-16,120,125,122,0,2,68320
2023-10-17,126,125,117,9,0,74340
2023-10-18,124,125,115,9,0,73220
2023-10-19,128,125,119,9,0,75460
2023-10-20,124,125,118,6,0,71960
2023-10-21,128,125,120,8,0,75040
2023-10-22,120,125,116,4,0,68880
2023-10-23,126,125,116,10,0,74760
2023-10-24,132,125,118,14,0,79800
2023-10-25,136,125,119,17,0,83300
2023-10-26,132,125,119,13,0,79380
2023-10-27,128,125,116,12,0,76720
2023-10-28,132,125,119,13,0,79380
2023-10-29,124,125,123,1,0,69860
2023-10-30,126,125,116,10,0,74760
2023-10-31,126,125,118,8,0,73920
2023-11-01,136,125,117,19,0,84140
2023-11-02,138,125,117,21,0,86100
2023-11-03,132,125,117,15,0,80220
2023-11-04,128,125,116,12,0,76720
2023-11-05,120,125,116,4,0,68880
2023-11-06,124,125,114,10,0,73640
2023-11-07,134,125,121,13,0,80500
2023-11-08,124,125,118,6,0,71960
2023-11-09,124,125,113,11,0,74060
2023-11-10,114,125,115,0,1,64400
2023-11-11,114,125,114,0,0,63840
2023-11-12,114,125,120,0,6,67200
2023-11-13,126,125,119,7,0,73500
2023-11-14,130,125,115,15,0,79100
2023-11-15,126,125,115,11,0,75180
2023-11-16,134,125,114,20,0,83440
2023-11-17,124,125,115,9,0,73220
2023-11-18,122,125,121,1,0,68740
2023-11-19,126,125,114,12,0,75600
2023-11-20,122,125,121,1,0,68740
2023-11-21,130,125,118,12,0,77840
2023-11-22,128,125,122,6,0,74200
2023-11-23,138,125,115,23,0,86940
2023-11-24,130,125,119,11,0,77420
2023-11-25,124,125,119,5,0,71540
2023-11-26,120,125,118,2,0,68040
2023-11-27,122,125,120,2,0,69160
2023-11-28,126,125,118,8,0,73920
2023-11-29,128,125,117,11,0,76300
2023-11-30,138,125,114,24,0,87360
2023-12-01,138,125,116,22,0,86520
2023-12-02,122,125,116,6,0,70840
2023-12-03,112,125,121,0,9,67760
2023-12-04,116,125,116,0,0,64960
2023-12-05,128,125,118,10,0,75880
2023-12-06,126,125,116,10,0,74760
2023-12-07,124,125,120,4,0,71120
2023-12-08,136,125,116,20,0,84560
2023-12-09,136,125,122,14,0,82040
2023-12-10,128,125,117,11,0,76300
2023-12-11,132,125,115,17,0,81060
2023-12-12,136,125,118,18,0,83720
2023-12-13,138,125,117,21,0,86100
2023-12-14,140,125,118,22,0,87640
2023-12-15,138,125,114,24,0,87360
2023-12-16,138,125,111,27,0,88620
2023-12-17,140,125,119,21,0,87220
2023-12-18,136,125,118,18,0,83720
2023-12-19,136,125,117,19,0,84140
2023-12-20,138,125,118,20,0,85680
2023-12-21,142,125,119,23,0,89180
2023-12-22,140,125,114,26,0,89320
2023-12-23,128,125,117,11,0,76300
2023-12-24,128,125,121,7,0,74620
2023-12-25,138,125,122,16,0,84000
2023-12-26,142,125,115,27,0,90860
2023-12-27,134,125,120,14,0,80920
2023-12-28,138,125,118,20,0,85680
2023-12-29,138,125,118,20,0,85680
2023-12-30,136,125,110,26,0,87080
2023-12-31,132,125,120,12,0,78960
2024-01-01,130,125,116,14,0,78680
2024-01-02,132,125,114,18,0,81480
2024-01-03,132,125,118,14,0,79800
2024-01-04,132,125,115,17,0,81060
2024-01-05,134,125,118,16,0,81760
2024-01-06,132,125,118,14,0,79800
2024-01-07,126,125,121,5,0,72660
2024-01-08,122,125,119,3,0,69580
2024-01-09,130,125,113,17,0,79940
2024-01-10,134,125,115,19,0,83020
2024-01-11,134,125,117,17,0,82180
2024-01-12,140,125,118,22,0,87640
2024-01-13,140,125,120,20,0,86800
2024-01-14,140,125,115,25,0,88900
2024-01-15,140,125,122,18,0,85960
2024-01-16,136,125,120,16,0,82880
2024-01-17,142,125,120,22,0,88760
2024-01-18,134,125,114,20,0,83440
2024-01-19,136,125,121,15,0,82460
2024-01-20,140,125,120,20,0,86800
2024-01-21,138,125,114,24,0,87360
2024-01-22,136,125,121,15,0,82460
2024-01-23,136,125,116,20,0,84560
2024-01-24,134,125,112,22,0,84280
2024-01-25,128,125,117,11,0,76300
2024-01-26,128,125,115,13,0,77140
2024-01-27,122,125,118,4,0,70000
2024-01-28,126,125,115,11,0,75180
2024-01-29,138,125,112,26,0,88200
2024-01-30,142,125,116,26,0,90440
2024-01-31,142,125,115,27,0,90860
2024-02-01,140,125,116,24,0,88480
2024-02-02,136,125,116,20,0,84560
2024-02-03,130,125,117,13,0,78260
2024-02-04,140,125,118,22,0,87640
2024-02-05,142,125,118,24,0,89600
2024-02-06,142,125,117,25,0,90020
2024-02-07,138,125,121,17,0,84420
2024-02-08,136,125,118,18,0,83720
2024-02-09,138,125,119,19,0,85260
2024-02-10,130,125,119,11,0,77420
2024-02-11,132,125,111,21,0,82740
2024-02-12,126,125,117,9,0,74340
2024-02-13,132,125,117,15,0,80220
2024-02-14,136,125,118,18,0,83720
2024-02-15,132,125,116,16,0,80640
2024-02-16,130,125,121,9,0,76580
2024-02-17,128,125,116,12,0,76720
2024-02-18,134,125,116,18,0,82600
2024-02-19,136,125,115,21,0,84980
2024-02-20,132,125,118,14,0,79800
2024-02-21,132,125,123,9,0,77700
2024-02-22,124,125,111,13,0,74900
2024-02-23,126,125,118,8,0,73920
2024-02-24,120,125,114,6,0,69720
2024-02-25,122,125,118,4,0,70000
2024-02-26,130,125,120,10,0,77000
2024-02-27,128,125,115,13,0,77140
2024-02-28,132,125,119,13,0,79380
2024-02-29,138,125,121,17,0,84420
2024-03-01,128,125,120,8,0,75040
2024-03-02,132,125,114,18,0,81480
2024-03-03,124,125,117,7,0,72380
2024-03-04,120,125,119,1,0,67620
2024-03-05,130,125,118,12,0,77840
2024-03-06,132,125,121,11,0,78540
2024-03-07,128,125,121,7,0,74620
2024-03-08,126,125,116,10,0,74760
2024-03-09,122,125,118,4,0,70000
2024-03-10,128,125,115,13,0,77140
2024-03-11,128,125,121,7,0,74620
2024-03-12,136,125,116,20,0,84560
2024-03-13,138,125,120,18,0,84840
2024-03-14,140,125,111,29,0,90580
2024-03-15,134,125,119,15,0,81340
2024-03-16,126,125,117,9,0,74340
2024-03-17,112,125,117,0,5,65520
2024-03-18,106,125,119,0,13,66640
2024-03-19,106,125,114,0,8,63840
2024-03-20,104,125,121,0,17,67760
2024-03-21,110,125,116,0,6,64960
2024-03-22,118,125,118,0,0,66080
2024-03-23,118,125,118,0,0,66080
2024-03-24,110,125,119,0,9,66640
2024-03-25,112,125,119,0,7,66640
2024-03-26,124,125,117,7,0,72380
2024-03-27,130,125,119,11,0,77420
2024-03-28,140,125,111,29,0,90580
2024-03-29,142,125,116,26,0,90440
2024-03-30,124,125,120,4,0,71120
2024-03-31,106,125,123,0,17,68880
2024-04-01,112,125,120,0,8,67200
2024-04-02,114,125,118,0,4,66080
2024-04-03,118,125,115,3,0,67340
2024-04-04,122,125,118,4,0,70000
2024-04-05,122,125,114,8,0,71680
2024-04-06,124,125,116,8,0,72800
2024-04-07,118,125,116,2,0,66920
2024-04-08,112,125,123,0,11,68880
2024-04-09,116,125,119,0,3,66640
2024-04-10,124,125,115,9,0,73220
2024-04-11,128,125,114,14,0,77560
2024-04-12,128,125,116,12,0,76720
2024-04-13,120,125,119,1,0,67620
2024-04-14,116,125,106,10,0,69160
2024-04-15,110,125,117,0,7,65520
2024-04-16,122,125,120,2,0,69160
2024-04-17,122,125,116,6,0,70840
2024-04-18,132,125,117,15,0,80220
2024-04-19,124,125,120,4,0,71120
2024-04-20,122,125,116,6,0,70840
2024-04-21,112,125,115,0,3,64400
2024-04-22,114,125,121,0,7,67760
2024-04-23,112,125,118,0,6,66080
2024-04-24,110,125,115,0,5,64400
2024-04-25,120,125,112,8,0,70560
2024-04-26,120,125,120,0,0,67200
2024-04-27,116,125,112,4,0,66640
2024-04-28,114,125,115,0,1,64400
2024-04-29,124,125,116,8,0,72800
2024-04-30,124,125,121,3,0,70700
2024-05-01,128,125,114,14,0,77560
2024-05-02,126,125,118,8,0,73920
2024-05-03,124,125,118,6,0,71960
2024-05-04,124,125,119,5,0,71540
2024-05-05,116,125,116,0,0,64960
2024-05-06,122,125,117,5,0,70420
2024-05-07,124,125,115,9,0,73220
2024-05-08,120,125,115,5,0,69300
2024-05-09,124,125,122,2,0,70280
2024-05-10,126,125,118,8,0,73920
2024-05-11,124,125,120,4,0,71120
2024-05-12,120,125,116,4,0,68880
2024-05-13,120,125,117,3,0,68460
2024-05-14,128,125,120,8,0,75040
2024-05-15,126,125,119,7,0,73500
2024-05-16,114,125,112,2,0,64680
2024-05-17,118,125,117,1,0,66500
2024-05-18,128,125,115,13,0,77140
2024-05-19,126,125,116,10,0,74760
2024-05-20,128,125,120,8,0,75040
2024-05-21,126,125,119,7,0,73500
2024-05-22,124,125,118,6,0,71960
2024-05-23,118,125,114,4,0,67760
2024-05-24,112,125,116,0,4,64960
2024-05-25,108,125,118,0,10,66080
2024-05-26,100,125,121,0,21,67760
2024-05-27,104,125,112,0,8,62720
2024-05-28,114,125,117,0,3,65520
2024-05-29,114,125,118,0,4,66080
2024-05-30,116,125,119,0,3,66640
2024-05-31,106,125,120,0,14,67200
2024-06-01,106,125,115,0,9,64400
2024-06-02,94,125,119,0,25,66640
2024-06-03,104,125,109,0,5,61040
2024-06-04,112,125,118,0,6,66080
2024-06-05,118,125,117,1,0,66500
2024-06-06,114,125,116,0,2,64960
2024-06-07,110,125,117,0,7,65520
2024-06-08,108,125,118,0,10,66080
2024-06-09,104,125,116,0,12,64960
2024-06-10,110,125,118,0,8,66080
2024-06-11,100,125,119,0,19,66640
2024-06-12,108,125,107,1,0,60900
2024-06-13,116,125,114,2,0,65800
2024-06-14,116,125,115,1,0,65380
2024-06-15,110,125,122,0,12,68320
2024-06-16,102,125,119,0,17,66640
2024-06-17,110,125,116,0,6,64960
2024-06-18,112,125,120,0,8,67200
2024-06-19,130,125,116,14,0,78680
2024-06-20,126,125,117,9,0,74340
2024-06-21,124,125,117,7,0,72380
2024-06-22,108,125,115,0,7,64400
2024-06-23,98,125,113,0,15,63280
2024-06-24,108,125,120,0,12,67200
2024-06-25,110,125,117,0,7,65520
2024-06-26,108,125,115,0,7,64400
2024-06-27,108,125,123,0,15,68880
2024-06-28,110,125,116,0,6,64960
2024-06-29,102,125,122,0,20,68320
2024-06-30,98,125,118,0,20,66080
2024-07-01,104,125,119,0,15,66640
2024-07-02,98,125,121,0,23,67760
2024-07-03,100,125,112,0,12,62720
2024-07-04,106,125,121,0,15,67760
2024-07-05,112,125,121,0,9,67760
2024-07-06,98,125,120,0,22,67200
2024-07-07,86,125,116,0,30,64960
2024-07-08,94,125,121,0,27,67760
2024-07-09,102,125,116,0,14,64960
2024-07-10,100,125,121,0,21,67760
2024-07-11,108,125,115,0,7,64400
2024-07-12,114,125,115,0,1,64400
2024-07-13,104,125,114,0,10,63840
2024-07-14,104,125,118,0,14,66080
2024-07-15,104,125,113,0,9,63280
2024-07-16,94,125,120,0,26,67200
2024-07-17,104,125,115,0,11,64400
2024-07-18,104,125,116,0,12,64960
2024-07-19,100,125,118,0,18,66080
2024-07-20,106,125,120,0,14,67200
2024-07-21,98,125,112,0,14,62720
2024-07-22,100,125,121,0,21,67760
2024-07-23,112,125,118,0,6,66080
2024-07-24,116,125,119,0,3,66640
2024-07-25,116,125,114,2,0,65800
2024-07-26,120,125,116,4,0,68880
2024-07-27,106,125,116,0,10,64960
2024-07-28,110,125,120,0,10,67200
2024-07-29,110,125,118,0,8,66080
2024-07-30,120,125,112,8,0,70560
2024-07-31,120,125,116,4,0,68880
2024-08-01,116,125,114,2,0,65800
2024-08-02,118,125,116,2,0,66920
2024-08-03,110,125,117,0,7,65520
2024-08-04,108,125,113,0,5,63280
2024-08-05,106,125,119,0,13,66640
2024-08-06,108,125,111,0,3,62160
2024-08-07,118,125,118,0,0,66080
2024-08-08,118,125,115,3,0,67340
2024-08-09,120,125,120,0,0,67200
2024-08-10,112,125,119,0,7,66640
2024-08-11,112,125,122,0,10,68320
2024-08-12,108,125,117,0,9,65520
2024-08-13,118,125,115,3,0,67340
2024-08-14,114,125,113,1,0,64260
2024-08-15,108,125,117,0,9,65520
2024-08-16,112,125,122,0,10,68320
2024-08-17,110,125,119,0,9,66640
2024-08-18,98,125,115,0,17,64400
2024-08-19,106,125,117,0,11,65520
2024-08-20,104,125,117,0,13,65520
2024-08-21,104,125,120,0,16,67200
2024-08-22,92,125,116,0,24,64960
2024-08-23,92,125,114,0,22,63840
2024-08-24,104,125,120,0,16,67200
2024-08-25,104,125,121,0,17,67760
2024-08-26,102,125,119,0,17,66640
2024-08-27,98,125,113,0,15,63280
2024-08-28,98,125,123,0,25,68880
2024-08-29,102,125,118,0,16,66080
2024-08-30,104,125,117,0,13,65520
2024-08-31,104,125,111,0,7,62160
2024-09-01,108,125,117,0,9,65520
2024-09-02,110,125,119,0,9,66640
2024-09-03,116,125,118,0,2,66080
2024-09-04,116,125,118,0,2,66080
2024-09-05,106,125,114,0,8,63840
2024-09-06,108,125,117,0,9,65520
2024-09-07,108,125,114,0,6,63840
2024-09-08,110,125,116,0,6,64960
2024-09-09,110,125,118,0,8,66080
2024-09-10,116,125,117,0,1,65520
2024-09-11,122,125,117,5,0,70420
2024-09-12,126,125,115,11,0,75180
2024-09-13,130,125,116,14,0,78680
2024-09-14,126,125,115,11,0,75180
2024-09-15,116,125,121,0,5,67760
2024-09-16,122,125,109,13,0,73780
2024-09-17,126,125,115,11,0,75180
2024-09-18,124,125,116,8,0,72800
2024-09-19,130,125,119,11,0,77420
2024-09-20,130,125,112,18,0,80360
2024-09-21,118,125,115,3,0,67340
2024-09-22,120,125,115,5,0,69300
2024-09-23,122,125,113,9,0,72100
2024-09-24,120,125,121,0,1,67760
2024-09-25,122,125,117,5,0,70420
2024-09-26,124,125,117,7,0,72380
2024-09-27,128,125,119,9,0,75460
2024-09-28,120,125,115,5,0,69300
2024-09-29,114,125,120,0,6,67200
2024-09-30,124,125,119,5,0,71540
2024-10-01,124,125,120,4,0,71120
2024-10-02,124,125,120,4,0,71120
2024-10-03,128,125,117,11,0,76300
2024-10-04,124,125,117,7,0,72380
2024-10-05,114,125,119,0,5,66640
2024-10-06,100,125,119,0,19,66640
2024-10-07,108,125,121,0,13,67760
2024-10-08,112,125,116,0,4,64960
2024-10-09,118,125,120,0,2,67200
2024-10-10,124,125,117,7,0,72380
2024-10-11,122,125,120,2,0,69160
2024-10-12,116,125,112,4,0,66640
2024-10-13,116,125,118,0,2,66080
2024-10-14,124,125,113,11,0,74060
2024-10-15,114,125,115,0,1,64400
2024-10-16,118,125,122,0,4,68320
2024-10-17,118,125,118,0,0,66080
2024-10-18,128,125,114,14,0,77560
2024-10-19,120,125,120,0,0,67200
2024-10-20,114,125,121,0,7,67760
2024-10-21,122,125,117,5,0,70420
2024-10-22,118,125,117,1,0,66500
2024-10-23,124,125,119,5,0,71540
2024-10-24,126,125,118,8,0,73920
2024-10-25,130,125,118,12,0,77840
2024-10-26,130,125,115,15,0,79100
2024-10-27,124,125,118,6,0,71960
2024-10-28,116,125,117,0,1,65520
2024-10-29,118,125,121,0,3,67760
2024-10-30,122,125,117,5,0,70420
2024-10-31,126,125,120,6,0,73080
2024-11-01,132,125,122,10,0,78120
2024-11-02,122,125,119,3,0,69580
2024-11-03,120,125,116,4,0,68880
2024-11-04,128,125,114,14,0,77560
2024-11-05,120,125,121,0,1,67760
2024-11-06,128,125,120,8,0,75040
2024-11-07,130,125,111,19,0,80780
2024-11-08,130,125,120,10,0,77000
2024-11-09,136,125,115,21,0,84980
2024-11-10,128,125,117,11,0,76300
2024-11-11,138,125,121,17,0,84420
2024-11-12,140,125,115,25,0,88900
2024-11-13,140,125,112,28,0,90160
2024-11-14,128,125,121,7,0,74620
2024-11-15,132,125,116,16,0,80640
2024-11-16,126,125,118,8,0,73920
2024-11-17,116,125,112,4,0,66640
2024-11-18,118,125,117,1,0,66500
2024-11-19,116,125,118,0,2,66080
2024-11-20,122,125,114,8,0,71680
2024-11-21,122,125,120,2,0,69160
2024-11-22,130,125,119,11,0,77420
2024-11-23,132,125,116,16,0,80640
2024-11-24,120,125,120,0,0,67200
2024-11-25,118,125,118,0,0,66080
2024-11-26,126,125,112,14,0,76440
2024-11-27,134,125,115,19,0,83020
2024-11-28,132,125,122,10,0,78120
2024-11-29,140,125,119,21,0,87220
2024-11-30,132,125,120,12,0,78960
2024-12-01,130,125,117,13,0,78260
2024-12-02,130,125,118,12,0,77840
2024-12-03,140,125,121,19,0,86380
2024-12-04,138,125,119,19,0,85260
2024-12-05,136,125,118,18,0,83720
2024-12-06,130,125,120,10,0,77000
2024-12-07,132,125,117,15,0,80220
2024-12-08,134,125,121,13,0,80500
2024-12-09,130,125,118,12,0,77840
2024-12-10,130,125,119,11,0,77420
2024-12-11,142,125,116,26,0,90440
2024-12-12,142,125,114,28,0,91280
2024-12-13,142,125,114,28,0,91280
2024-12-14,130,125,110,20,0,81200
2024-12-15,128,125,122,6,0,74200
2024-12-16,136,125,121,15,0,82460
2024-12-17,142,125,118,24,0,89600
2024-12-18,134,125,114,20,0,83440
2024-12-19,142,125,117,25,0,90020
2024-12-20,140,125,118,22,0,87640
2024-12-21,136,125,123,13,0,81620
2024-12-22,128,125,116,12,0,76720
2024-12-23,134,125,116,18,0,82600
2024-12-24,136,125,117,19,0,84140
2024-12-25,134,125,118,16,0,81760
2024-12-26,136,125,116,20,0,84560
2024-12-27,138,125,121,17,0,84420
2024-12-28,136,125,120,16,0,82880
2024-12-29,132,125,118,14,0,79800
2024-12-30,138,125,119,19,0,85260
2024-12-31,142,125,117,25,0,90020
2025-01-01,142,125,122,20,0,87920
2025-01-02,140,125,114,26,0,89320
2025-01-03,140,125,113,27,0,89740
2025-01-04,140,125,120,20,0,86800
2025-01-05,140,125,119,21,0,87220
2025-01-06,136,125,118,18,0,83720
2025-01-07,136,125,118,18,0,83720
2025-01-08,142,125,119,23,0,89180
2025-01-09,138,125,121,17,0,84420
2025-01-10,140,125,118,22,0,87640
2025-01-11,140,125,118,22,0,87640
2025-01-12,136,125,116,20,0,84560
2025-01-13,136,125,115,21,0,84980
2025-01-14,132,125,116,16,0,80640
2025-01-15,136,125,120,16,0,82880
2025-01-16,132,125,119,13,0,79380
2025-01-17,132,125,121,11,0,78540
2025-01-18,126,125,118,8,0,73920
2025-01-19,122,125,118,4,0,70000
2025-01-20,112,125,119,0,7,66640
2025-01-21,118,125,115,3,0,67340
2025-01-22,120,125,116,4,0,68880
2025-01-23,132,125,115,17,0,81060
2025-01-24,130,125,116,14,0,78680
2025-01-25,124,125,118,6,0,71960
2025-01-26,120,125,116,4,0,68880
2025-01-27,130,125,119,11,0,77420
2025-01-28,134,125,114,20,0,83440
2025-01-29,130,125,119,11,0,77420
2025-01-30,136,125,118,18,0,83720
2025-01-31,140,125,118,22,0,87640
2025-02-01,140,125,120,20,0,86800
2025-02-02,140,125,121,19,0,86380
2025-02-03,138,125,119,19,0,85260
2025-02-04,136,125,118,18,0,83720
2025-02-05,138,125,119,19,0,85260
2025-02-06,136,125,120,16,0,82880
2025-02-07,128,125,120,8,0,75040
2025-02-08,134,125,119,15,0,81340
2025-02-09,134,125,120,14,0,80920
2025-02-10,136,125,116,20,0,84560
2025-02-11,138,125,122,16,0,84000
2025-02-12,136,125,118,18,0,83720
2025-02-13,140,125,115,25,0,88900
2025-02-14,138,125,114,24,0,87360
2025-02-15,134,125,120,14,0,80920
2025-02-16,132,125,119,13,0,79380
2025-02-17,126,125,117,9,0,74340
2025-02-18,124,125,117,7,0,72380
2025-02-19,138,125,109,29,0,89460
2025-02-20,142,125,115,27,0,90860
2025-02-21,136,125,120,16,0,82880
2025-02-22,130,125,117,13,0,78260
2025-02-23,132,125,122,10,0,78120
2025-02-24,130,125,115,15,0,79100
2025-02-25,128,125,122,6,0,74200
2025-02-26,126,125,121,5,0,72660
2025-02-27,124,125,121,3,0,70700
2025-02-28,134,125,116,18,0,82600
2025-03-01,136,125,113,23,0,85820
2025-03-02,128,125,112,16,0,78400
2025-03-03,132,125,118,14,0,79800
2025-03-04,138,125,120,18,0,84840
2025-03-05,134,125,122,12,0,80080
2025-03-06,130,125,118,12,0,77840
2025-03-07,122,125,117,5,0,70420
2025-03-08,114,125,118,0,4,66080
2025-03-09,120,125,114,6,0,69720
2025-03-10,126,125,118,8,0,73920
2025-03-11,132,125,112,20,0,82320
2025-03-12,134,125,122,12,0,80080
2025-03-13,132,125,115,17,0,81060
2025-03-14,138,125,115,23,0,86940
2025-03-15,134,125,120,14,0,80920
2025-03-16,124,125,117,7,0,72380
2025-03-17,124,125,117,7,0,72380
2025-03-18,130,125,123,7,0,75740
2025-03-19,134,125,118,16,0,81760
2025-03-20,130,125,118,12,0,77840
2025-03-21,124,125,123,1,0,69860
2025-03-22,124,125,121,3,0,70700
2025-03-23,124,125,117,7,0,72380
2025-03-24,124,125,120,4,0,71120
2025-03-25,134,125,120,14,0,80920
2025-03-26,138,125,121,17,0,84420
2025-03-27,142,125,115,27,0,90860
2025-03-28,136,125,117,19,0,84140
2025-03-29,134,125,121,13,0,80500
2025-03-30,122,125,118,4,0,70000
2025-03-31,130,125,116,14,0,78680
2025-04-01,138,125,118,20,0,85680
2025-04-02,140,125,118,22,0,87640
2025-04-03,132,125,118,14,0,79800
2025-04-04,128,125,121,7,0,74620
2025-04-05,128,125,117,11,0,76300
2025-04-06,120,125,123,0,3,68880
2025-04-07,124,125,120,4,0,71120
2025-04-08,132,125,121,11,0,78540
2025-04-09,136,125,122,14,0,82040
2025-04-10,132,125,118,14,0,79800
2025-04-11,136,125,118,18,0,83720
2025-04-12,128,125,116,12,0,76720
2025-04-13,114,125,117,0,3,65520
2025-04-14,120,125,120,0,0,67200
2025-04-15,126,125,121,5,0,72660
2025-04-16,124,125,118,6,0,71960
2025-04-17,126,125,123,3,0,71820
2025-04-18,130,125,118,12,0,77840
2025-04-19,132,125,115,17,0,81060
2025-04-20,130,125,119,11,0,77420
2025-04-21,128,125,119,9,0,75460
2025-04-22,124,125,115,9,0,73220
2025-04-23,128,125,115,13,0,77140
2025-04-24,124,125,119,5,0,71540
2025-04-25,128,125,115,13,0,77140
2025-04-26,120,125,113,7,0,70140
2025-04-27,124,125,117,7,0,72380
2025-04-28,124,125,121,3,0,70700
2025-04-29,126,125,122,4,0,72240
2025-04-30,130,125,119,11,0,77420
2025-05-01,130,125,120,10,0,77000
2025-05-02,136,125,110,26,0,87080
2025-05-03,126,125,118,8,0,73920
2025-05-04,124,125,120,4,0,71120
2025-05-05,128,125,117,11,0,76300
2025-05-06,126,125,119,7,0,73500
2025-05-07,122,125,118,4,0,70000
2025-05-08,116,125,114,2,0,65800
2025-05-09,120,125,122,0,2,68320
2025-05-10,114,125,117,0,3,65520
2025-05-11,112,125,119,0,7,66640
2025-05-12,104,125,120,0,16,67200
2025-05-13,110,125,115,0,5,64400
2025-05-14,122,125,119,3,0,69580
2025-05-15,120,125,116,4,0,68880
2025-05-16,116,125,116,0,0,64960
2025-05-17,112,125,116,0,4,64960
2025-05-18,110,125,118,0,8,66080
2025-05-19,110,125,117,0,7,65520
2025-05-20,104,125,112,0,8,62720
2025-05-21,112,125,118,0,6,66080
2025-05-22,120,125,116,4,0,68880
2025-05-23,122,125,119,3,0,69580
2025-05-24,106,125,119,0,13,66640
2025-05-25,108,125,123,0,15,68880
2025-05-26,120,125,116,4,0,68880
2025-05-27,110,125,121,0,11,67760
2025-05-28,114,125,116,0,2,64960
2025-05-29,122,125,117,5,0,70420
2025-05-30,122,125,113,9,0,72100
2025-05-31,114,125,115,0,1,64400
2025-06-01,106,125,114,0,8,63840
2025-06-02,108,125,121,0,13,67760
2025-06-03,114,125,116,0,2,64960
2025-06-04,114,125,120,0,6,67200
2025-06-05,120,125,117,3,0,68460
2025-06-06,118,125,116,2,0,66920
2025-06-07,124,125,112,12,0,74480
2025-06-08,110,125,121,0,11,67760
2025-06-09,116,125,118,0,2,66080
2025-06-10,114,125,112,2,0,64680
2025-06-11,108,125,119,0,11,66640
2025-06-12,110,125,116,0,6,64960
2025-06-13,108,125,117,0,9,65520
2025-06-14,100,125,122,0,22,68320
2025-06-15,98,125,117,0,19,65520
2025-06-16,106,125,115,0,9,64400
2025-06-17,112,125,122,0,10,68320
2025-06-18,112,125,117,0,5,65520
2025-06-19,114,125,116,0,2,64960
2025-06-20,108,125,114,0,6,63840
2025-06-21,102,125,113,0,11,63280
2025-06-22,96,125,118,0,22,66080
2025-06-23,98,125,120,0,22,67200
2025-06-24,100,125,119,0,19,66640
2025-06-25,104,125,121,0,17,67760
2025-06-26,116,125,117,0,1,65520
2025-06-27,116,125,116,0,0,64960
2025-06-28,102,125,118,0,16,66080
2025-06-29,100,125,115,0,15,64400
2025-06-30,98,125,118,0,20,66080
2025-07-01,106,125,116,0,10,64960
2025-07-02,112,125,116,0,4,64960
2025-07-03,118,125,110,8,0,69440
2025-07-04,116,125,116,0,0,64960
2025-07-05,100,125,115,0,15,64400
2025-07-06,96,125,117,0,21,65520
2025-07-07,110,125,121,0,11,67760
2025-07-08,114,125,114,0,0,63840
2025-07-09,124,125,116,8,0,72800
2025-07-10,116,125,123,0,7,68880
2025-07-11,116,125,114,2,0,65800
2025-07-12,112,125,108,4,0,64400
2025-07-13,108,125,115,0,7,64400
2025-07-14,108,125,120,0,12,67200
2025-07-15,102,125,117,0,15,65520
2025-07-16,104,125,118,0,14,66080
2025-07-17,104,125,118,0,14,66080
2025-07-18,102,125,121,0,19,67760
2025-07-19,110,125,118,0,8,66080
2025-07-20,108,125,117,0,9,65520
2025-07-21,116,125,119,0,3,66640
2025-07-22,112,125,118,0,6,66080
2025-07-23,118,125,125,0,7,70000
2025-07-24,126,125,112,14,0,76440
2025-07-25,124,125,117,7,0,72380
2025-07-26,114,125,116,0,2,64960
2025-07-27,100,125,116,0,16,64960
2025-07-28,100,125,116,0,16,64960
2025-07-29,102,125,118,0,16,66080
2025-07-30,108,125,114,0,6,63840
2025-07-31,100,125,118,0,18,66080
2025-08-01,108,125,121,0,13,67760
2025-08-02,104,125,116,0,12,64960
2025-08-03,98,125,118,0,20,66080
2025-08-04,94,125,119,0,25,66640
2025-08-05,96,125,120,0,24,67200
2025-08-06,100,125,116,0,16,64960
2025-08-07,102,125,122,0,20,68320
2025-08-08,106,125,113,0,7,63280
2025-08-09,106,125,116,0,10,64960
2025-08-10,106,125,117,0,11,65520
2025-08-11,114,125,119,0,5,66640
2025-08-12,120,125,119,1,0,67620
2025-08-13,118,125,120,0,2,67200
2025-08-14,126,125,120,6,0,73080
2025-08-15,124,125,116,8,0,72800
2025-08-16,126,125,122,4,0,72240
2025-08-17,120,125,120,0,0,67200
2025-08-18,122,125,116,6,0,70840
2025-08-19,116,125,121,0,5,67760
2025-08-20,114,125,115,0,1,64400
2025-08-21,106,125,122,0,16,68320
2025-08-22,110,125,117,0,7,65520
2025-08-23,108,125,118,0,10,66080
2025-08-24,106,125,115,0,9,64400
2025-08-25,104,125,115,0,11,64400
2025-08-26,118,125,118,0,0,66080
2025-08-27,124,125,118,6,0,71960
2025-08-28,122,125,115,7,0,71260
2025-08-29,128,125,117,11,0,76300
2025-08-30,122,125,118,4,0,70000
2025-08-31,114,125,119,0,5,66640
2025-09-01,118,125,116,2,0,66920
2025-09-02,120,125,118,2,0,68040
2025-09-03,126,125,118,8,0,73920
2025-09-04,116,125,117,0,1,65520
2025-09-05,128,125,112,16,0,78400
2025-09-06,126,125,113,13,0,76020
2025-09-07,122,125,120,2,0,69160
2025-09-08,118,125,119,0,1,66640
2025-09-09,124,125,116,8,0,72800
2025-09-10,132,125,118,14,0,79800
2025-09-11,128,125,113,15,0,77980
2025-09-12,128,125,120,8,0,75040
2025-09-13,122,125,117,5,0,70420
2025-09-14,120,125,115,5,0,69300
2025-09-15,110,125,119,0,9,66640
2025-09-16,112,125,117,0,5,65520
2025-09-17,120,125,112,8,0,70560
2025-09-18,120,125,118,2,0,68040
2025-09-19,114,125,117,0,3,65520
2025-09-20,106,125,117,0,11,65520
2025-09-21,106,125,119,0,13,66640
2025-09-22,104,125,120,0,16,67200
2025-09-23,108,125,114,0,6,63840
2025-09-24,108,125,117,0,9,65520
2025-09-25,108,125,119,0,11,66640
2025-09-26,102,125,117,0,15,65520
2025-09-27,102,125,117,0,15,65520
2025-09-28,96,125,117,0,21,65520
2025-09-29,104,125,121,0,17,67760
2025-09-30,110,125,120,0,10,67200
2025-10-01,116,125,122,0,6,68320
2025-10-02,108,125,116,0,8,64960
2025-10-03,104,125,114,0,10,63840
2025-10-04,96,125,120,0,24,67200
2025-10-05,86,125,120,0,34,67200
2025-10-06,94,125,120,0,26,67200
2025-10-07,100,125,114,0,14,63840
2025-10-08,114,125,115,0,1,64400
2025-10-09,124,125,114,10,0,73640
2025-10-10,128,125,111,17,0,78820
2025-10-11,120,125,122,0,2,68320
2025-10-12,114,125,118,0,4,66080
2025-10-13,114,125,116,0,2,64960
2025-10-14,126,125,117,9,0,74340
2025-10-15,126,125,118,8,0,73920
2025-10-16,130,125,116,14,0,78680
2025-10-17,130,125,115,15,0,79100
2025-10-18,126,125,120,6,0,73080
2025-10-19,120,125,116,4,0,68880
2025-10-20,110,125,113,0,3,63280
2025-10-21,118,125,117,1,0,66500
2025-10-22,116,125,117,0,1,65520
2025-10-23,128,125,116,12,0,76720
2025-10-24,128,125,117,11,0,76300
2025-10-25,120,125,117,3,0,68460
2025-10-26,114,125,119,0,5,66640
2025-10-27,120,125,116,4,0,68880
2025-10-28,130,125,116,14,0,78680
2025-10-29,130,125,117,13,0,78260
2025-10-30,134,125,120,14,0,80920
2025-10-31,134,125,112,22,0,84280
2025-11-01,134,125,120,14,0,80920
2025-11-02,134,125,120,14,0,80920
2025-11-03,132,125,118,14,0,79800
2025-11-04,130,125,117,13,0,78260
2025-11-05,140,125,114,26,0,89320
2025-11-06,134,125,116,18,0,82600
2025-11-07,128,125,118,10,0,75880
2025-11-08,124,125,115,9,0,73220
2025-11-09,126,125,118,8,0,73920
2025-11-10,132,125,119,13,0,79380
2025-11-11,138,125,117,21,0,86100
2025-11-12,138,125,122,16,0,84000
2025-11-13,140,125,118,22,0,87640
2025-11-14,138,125,115,23,0,86940
2025-11-15,126,125,117,9,0,74340
2025-11-16,128,125,119,9,0,75460
2025-11-17,132,125,115,17,0,81060
2025-11-18,136,125,118,18,0,83720
2025-11-19,132,125,117,15,0,80220
2025-11-20,138,125,119,19,0,85260
2025-11-21,138,125,117,21,0,86100
2025-11-22,140,125,118,22,0,87640
2025-11-23,128,125,117,11,0,76300
2025-11-24,132,125,117,15,0,80220
2025-11-25,132,125,119,13,0,79380
2025-11-26,126,125,111,15,0,76860
2025-11-27,136,125,121,15,0,82460
2025-11-28,142,125,121,21,0,88340
2025-11-29,134,125,119,15,0,81340
2025-11-30,136,125,118,18,0,83720
2025-12-01,130,125,118,12,0,77840
2025-12-02,132,125,114,18,0,81480
2025-12-03,142,125,118,24,0,89600
2025-12-04,134,125,116,18,0,82600
2025-12-05,138,125,118,20,0,85680
2025-12-06,140,125,117,23,0,88060
2025-12-07,138,125,115,23,0,86940
2025-12-08,142,125,119,23,0,89180
2025-12-09,142,125,115,27,0,90860
2025-12-10,142,125,115,27,0,90860
2025-12-11,136,125,118,18,0,83720
2025-12-12,142,125,113,29,0,91700
2025-12-13,142,125,117,25,0,90020
2025-12-14,142,125,112,30,0,92120
2025-12-15,142,125,119,23,0,89180
2025-12-16,138,125,114,24,0,87360
2025-12-17,134,125,120,14,0,80920
2025-12-18,140,125,119,21,0,87220
2025-12-19,142,125,116,26,0,90440
2025-12-20,142,125,115,27,0,90860
2025-12-21,140,125,120,20,0,86800
2025-12-22,138,125,114,24,0,87360
2025-12-23,138,125,113,25,0,87780
2025-12-24,142,125,122,20,0,87920
2025-12-25,142,125,116,26,0,90440
2025-12-26,140,125,118,22,0,87640
2025-12-27,134,125,117,17,0,82180
2025-12-28,124,125,113,11,0,74060
2025-12-29,132,125,116,16,0,80640
2025-12-30,142,125,119,23,0,89180
2025-12-31,140,125,116,24,0,88480
2026-01-01,142,125,116,26,0,90440
2026-01-02,142,125,121,21,0,88340
2026-01-03,140,125,116,24,0,88480
2026-01-04,132,125,118,14,0,79800
2026-01-05,134,125,114,20,0,83440
2026-01-06,132,125,112,20,0,82320
2026-01-07,134,125,118,16,0,81760
2026-01-08,140,125,120,20,0,86800
2026-01-09,132,125,122,10,0,78120
2026-01-10,124,125,113,11,0,74060
2026-01-11,122,125,119,3,0,69580
2026-01-12,132,125,120,12,0,78960
2026-01-13,138,125,121,17,0,84420
2026-01-14,142,125,118,24,0,89600
2026-01-15,136,125,114,22,0,85400
2026-01-16,142,125,122,20,0,87920
2026-01-17,140,125,116,24,0,88480
2026-01-18,126,125,117,9,0,74340
2026-01-19,128,125,119,9,0,75460
2026-01-20,132,125,121,11,0,78540
2026-01-21,134,125,120,14,0,80920
2026-01-22,132,125,116,16,0,80640
2026-01-23,138,125,109,29,0,89460
2026-01-24,136,125,119,17,0,83300
2026-01-25,130,125,117,13,0,78260
2026-01-26,130,125,118,12,0,77840
2026-01-27,130,125,119,11,0,77420
2026-01-28,136,125,116,20,0,84560
2026-01-29,132,125,118,14,0,79800
2026-01-30,138,125,117,21,0,86100
2026-01-31,136,125,122,14,0,82040
2026-02-01,136,125,116,20,0,84560
2026-02-02,134,125,122,12,0,80080
2026-02-03,142,125,121,21,0,88340
2026-02-04,132,125,120,12,0,78960
2026-02-05,134,125,115,19,0,83020
2026-02-06,134,125,115,19,0,83020
2026-02-07,130,125,115,15,0,79100
2026-02-08,126,125,117,9,0,74340
2026-02-09,136,125,118,18,0,83720
2026-02-10,138,125,118,20,0,85680
2026-02-11,136,125,119,17,0,83300
2026-02-12,138,125,114,24,0,87360
2026-02-13,138,125,121,17,0,84420
2026-02-14,136,125,119,17,0,83300
2026-02-15,126,125,118,8,0,73920
2026-02-16,134,125,120,14,0,80920
2026-02-17,134,125,119,15,0,81340
2026-02-18,138,125,115,23,0,86940
2026-02-19,130,125,120,10,0,77000
2026-02-20,128,125,116,12,0,76720
2026-02-21,118,125,114,4,0,67760
2026-02-22,126,125,118,8,0,73920
2026-02-23,130,125,115,15,0,79100
2026-02-24,134,125,117,17,0,82180
2026-02-25,134,125,114,20,0,83440
2026-02-26,140,125,116,24,0,88480
2026-02-27,140,125,115,25,0,88900
2026-02-28,132,125,121,11,0,78540
2026-03-01,132,125,113,19,0,81900
2026-03-02,134,125,120,14,0,80920
2026-03-03,138,125,116,22,0,86520
2026-03-04,138,125,120,18,0,84840
2026-03-05,138,125,112,26,0,88200
2026-03-06,138,125,117,21,0,86100
2026-03-07,132,125,119,13,0,79380
2026-03-08,120,125,118,2,0,68040
2026-03-09,134,125,115,19,0,83020
2026-03-10,132,125,118,14,0,79800
2026-03-11,138,125,120,18,0,84840
2026-03-12,136,125,117,19,0,84140
2026-03-13,136,125,119,17,0,83300
2026-03-14,138,125,117,21,0,86100
2026-03-15,130,125,118,12,0,77840
2026-03-16,134,125,115,19,0,83020
2026-03-17,136,125,116,20,0,84560
2026-03-18,140,125,120,20,0,86800
2026-03-19,140,125,121,19,0,86380
2026-03-20,126,125,122,4,0,72240
2026-03-21,118,125,120,0,2,67200
2026-03-22,122,125,116,6,0,70840
2026-03-23,130,125,118,12,0,77840
2026-03-24,132,125,123,9,0,77700
2026-03-25,130,125,121,9,0,76580
2026-03-26,132,125,112,20,0,82320
2026-03-27,126,125,115,11,0,75180
2026-03-28,116,125,119,0,3,66640
2026-03-29,116,125,112,4,0,66640
2026-03-30,124,125,115,9,0,73220
2026-03-31,132,125,119,13,0,79380
2026-04-01,130,125,114,16,0,79520
2026-04-02,128,125,122,6,0,74200
2026-04-03,134,125,117,17,0,82180
2026-04-04,132,125,116,16,0,80640
2026-04-05,124,125,121,3,0,70700
2026-04-06,128,125,118,10,0,75880
2026-04-07,132,125,118,14,0,79800
2026-04-08,140,125,117,23,0,88060
2026-04-09,134,125,122,12,0,80080
2026-04-10,138,125,121,17,0,84420
2026-04-11,134,125,116,18,0,82600
2026-04-12,130,125,120,10,0,77000
2026-04-13,128,125,120,8,0,75040
2026-04-14,130,125,116,14,0,78680
2026-04-15,134,125,120,14,0,80920
2026-04-16,132,125,119,13,0,79380
2026-04-17,126,125,118,8,0,73920
2026-04-18,128,125,120,8,0,75040
2026-04-19,116,125,117,0,1,65520
2026-04-20,124,125,120,4,0,71120
2026-04-21,130,125,119,11,0,77420
2026-04-22,128,125,120,8,0,75040
2026-04-23,124,125,116,8,0,72800
2026-04-24,116,125,113,3,0,66220
2026-04-25,122,125,122,0,0,68320
2026-04-26,120,125,117,3,0,68460
2026-04-27,128,125,121,7,0,74620
2026-04-28,136,125,115,21,0,84980
2026-04-29,126,125,111,15,0,76860
2026-04-30,132,125,117,15,0,80220
2026-05-01,126,125,116,10,0,74760
2026-05-02,122,125,120,2,0,69160
2026-05-03,120,125,121,0,1,67760
2026-05-04,126,125,114,12,0,75600
2026-05-05,126,125,117,9,0,74340
2026-05-06,124,125,117,7,0,72380
2026-05-07,124,125,119,5,0,71540
2026-05-08,128,125,118,10,0,75880
2026-05-09,124,125,118,6,0,71960
2026-05-10,124,125,117,7,0,72380
2026-05-11,126,125,117,9,0,74340
2026-05-12,130,125,118,12,0,77840
2026-05-13,132,125,114,18,0,81480
2026-05-14,128,125,120,8,0,75040
2026-05-15,126,125,118,8,0,73920
2026-05-16,128,125,120,8,0,75040
2026-05-17,118,125,115,3,0,67340
2026-05-18,116,125,117,0,1,65520
2026-05-19,116,125,119,0,3,66640
2026-05-20,114,125,117,0,3,65520
2026-05-21,122,125,118,4,0,70000
2026-05-22,120,125,113,7,0,70140
2026-05-23,120,125,118,2,0,68040
2026-05-24,110,125,121,0,11,67760
2026-05-25,112,125,118,0,6,66080
2026-05-26,112,125,120,0,8,67200
2026-05-27,118,125,119,0,1,66640
2026-05-28,120,125,119,1,0,67620
2026-05-29,120,125,113,7,0,70140
2026-05-30,114,125,117,0,3,65520
2026-05-31,114,125,118,0,4,66080
2026-06-01,114,125,122,0,8,68320
2026-06-02,128,125,118,10,0,75880
2026-06-03,116,125,117,0,1,65520
2026-06-04,122,125,118,4,0,70000
2026-06-05,116,125,113,3,0,66220
2026-06-06,104,125,119,0,15,66640
2026-06-07,108,125,114,0,6,63840
2026-06-08,122,125,120,2,0,69160
2026-06-09,122,125,113,9,0,72100
2026-06-10,124,125,118,6,0,71960
2026-06-11,120,125,119,1,0,67620
2026-06-12,114,125,119,0,5,66640
2026-06-13,114,125,116,0,2,64960
2026-06-14,106,125,114,0,8,63840
2026-06-15,112,125,121,0,9,67760
2026-06-16,110,125,115,0,5,64400
2026-06-17,112,125,120,0,8,67200
2026-06-18,124,125,117,7,0,72380
2026-06-19,122,125,121,1,0,68740
2026-06-20,114,125,122,0,8,68320
2026-06-21,104,125,117,0,13,65520
2026-06-22,114,125,119,0,5,66640
2026-06-23,116,125,115,1,0,65380
2026-06-24,118,125,121,0,3,67760
2026-06-25,118,125,119,0,1,66640
2026-06-26,116,125,121,0,5,67760
2026-06-27,112,125,115,0,3,64400
2026-06-28,114,125,117,0,3,65520
2026-06-29,110,125,117,0,7,65520
2026-06-30,126,125,112,14,0,76440
2026-07-01,118,125,117,1,0,66500
2026-07-02,110,125,118,0,8,66080
2026-07-03,110,125,119,0,9,66640
2026-07-04,104,125,121,0,17,67760
2026-07-05,96,125,118,0,22,66080
2026-07-06,106,125,122,0,16,68320
2026-07-07,114,125,117,0,3,65520
2026-07-08,112,125,117,0,5,65520
2026-07-09,112,125,118,0,6,66080
2026-07-10,118,125,118,0,0,66080
2026-07-11,108,125,117,0,9,65520
2026-07-12,98,125,118,0,20,66080
2026-07-13,106,125,115,0,9,64400
2026-07-14,112,125,118,0,6,66080
2026-07-15,112,125,119,0,7,66640
2026-07-16,108,125,112,0,4,62720
2026-07-17,108,125,117,0,9,65520
2026-07-18,108,125,115,0,7,64400
2026-07-19,98,125,117,0,19,65520
2026-07-20,96,125,121,0,25,67760
2026-07-21,102,125,119,0,17,66640
2026-07-22,106,125,121,0,15,67760
2026-07-23,108,125,117,0,9,65520
2026-07-24,106,125,116,0,10,64960
2026-07-25,106,125,117,0,11,65520
2026-07-26,94,125,119,0,25,66640
2026-07-27,100,125,117,0,17,65520
2026-07-28,104,125,118,0,14,66080
2026-07-29,104,125,117,0,13,65520
2026-07-30,106,125,111,0,5,62160
2026-07-31,116,125,116,0,0,64960
2026-08-01,122,125,120,2,0,69160
2026-08-02,116,125,119,0,3,66640
2026-08-03,122,125,118,4,0,70000
2026-08-04,126,125,121,5,0,72660
2026-08-05,130,125,115,15,0,79100
2026-08-06,126,125,113,13,0,76020
2026-08-07,128,125,118,10,0,75880
2026-08-08,126,125,118,8,0,73920
2026-08-09,120,125,119,1,0,67620
2026-08-10,120,125,119,1,0,67620
2026-08-11,120,125,118,2,0,68040
2026-08-12,116,125,113,3,0,66220
2026-08-13,120,125,118,2,0,68040
2026-08-14,124,125,119,5,0,71540
2026-08-15,122,125,120,2,0,69160
2026-08-16,114,125,118,0,4,66080
2026-08-17,126,125,122,4,0,72240
2026-08-18,126,125,118,8,0,73920
2026-08-19,126,125,114,12,0,75600
2026-08-20,120,125,122,0,2,68320
2026-08-21,114,125,117,0,3,65520
2026-08-22,112,125,121,0,9,67760
2026-08-23,114,125,116,0,2,64960
2026-08-24,116,125,118,0,2,66080
2026-08-25,126,125,118,8,0,73920
2026-08-26,134,125,116,18,0,82600
2026-08-27,128,125,119,9,0,75460
2026-08-28,116,125,122,0,6,68320
2026-08-29,118,125,121,0,3,67760
2026-08-30,116,125,113,3,0,66220
2026-08-31,110,125,119,0,9,66640
2026-09-01,116,125,118,0,2,66080
2026-09-02,112,125,115,0,3,64400
2026-09-03,110,125,116,0,6,64960
2026-09-04,114,125,119,0,5,66640
2026-09-05,128,125,112,16,0,78400
2026-09-06,120,125,118,2,0,68040
2026-09-07,122,125,119,3,0,69580
2026-09-08,120,125,118,2,0,68040
2026-09-09,122,125,120,2,0,69160
2026-09-10,120,125,117,3,0,68460
2026-09-11,118,125,117,1,0,66500
2026-09-12,102,125,120,0,18,67200
2026-09-13,102,125,118,0,16,66080
2026-09-14,104,125,119,0,15,66640
2026-09-15,114,125,117,0,3,65520
2026-09-16,116,125,122,0,6,68320
2026-09-17,108,125,120,0,12,67200
2026-09-18,114,125,113,1,0,64260
2026-09-19,108,125,118,0,10,66080
2026-09-20,110,125,114,0,4,63840
2026-09-21,108,125,117,0,9,65520
2026-09-22,110,125,117,0,7,65520
2026-09-23,118,125,117,1,0,66500
2026-09-24,124,125,117,7,0,72380
2026-09-25,118,125,114,4,0,67760
2026-09-26,116,125,122,0,6,68320
2026-09-27,108,125,117,0,9,65520
2026-09-28,106,125,123,0,17,68880
2026-09-29,112,125,117,0,5,65520
2026-09-30,128,125,118,10,0,75880
