date,unit,forecast_requests,census_p05,census_p50,census_p95,bed_demand_p50,beds
2026-10-01,ICU,5.53,19.0,24.0,28.0,24.5,28
2026-10-02,ICU,5.63,18.0,24.0,28.0,24.0,28
2026-10-03,ICU,5.26,16.0,23.0,28.0,24.0,28
2026-10-04,ICU,5.24,17.0,23.0,28.0,24.0,28
2026-10-05,ICU,5.74,16.0,23.0,28.0,24.0,28
2026-10-06,ICU,6.0,17.0,24.0,28.0,24.0,28
2026-10-07,ICU,6.02,18.0,24.0,28.0,25.0,28
2026-10-08,ICU,5.65,17.0,24.0,28.0,25.0,28
2026-10-09,ICU,5.74,17.0,24.0,28.0,25.0,28
2026-10-10,ICU,5.37,16.950000000000003,24.0,28.0,24.0,28
2026-10-11,ICU,5.35,16.0,23.0,28.0,24.0,28
2026-10-12,ICU,5.86,17.0,24.0,28.0,25.0,28
2026-10-13,ICU,6.13,17.0,24.0,28.0,25.0,28
2026-10-14,ICU,6.16,17.0,24.0,28.0,25.0,28
2026-10-15,ICU,5.77,17.950000000000003,24.0,28.0,25.0,28
2026-10-16,ICU,5.88,17.0,24.0,28.0,25.0,28
2026-10-17,ICU,5.49,17.0,24.0,28.0,25.0,28
2026-10-18,ICU,5.47,17.0,24.0,28.0,25.0,28
2026-10-19,ICU,6.0,17.0,24.0,28.0,25.0,28
2026-10-20,ICU,6.28,17.0,24.5,28.0,26.0,28
2026-10-21,ICU,6.31,17.0,25.0,28.0,26.0,28
2026-10-22,ICU,5.92,17.950000000000003,25.0,28.0,26.0,28
2026-10-23,ICU,6.02,17.0,25.0,28.0,26.0,28
2026-10-24,ICU,5.63,17.950000000000003,25.0,28.0,26.0,28
2026-10-25,ICU,5.61,17.0,24.0,28.0,26.0,28
2026-10-26,ICU,6.16,17.0,24.0,28.0,26.0,28
2026-10-27,ICU,6.44,18.0,25.0,28.0,26.0,28
2026-10-28,ICU,6.47,18.0,26.0,28.0,27.0,28
2026-10-29,ICU,6.07,19.0,25.0,28.0,27.0,28
2026-10-30,ICU,6.18,19.0,25.0,28.0,27.0,28
2026-10-31,ICU,5.78,17.0,25.0,28.0,27.0,28
2026-11-01,ICU,5.76,17.0,25.0,28.0,27.0,28
2026-11-02,ICU,6.32,18.0,25.0,28.0,27.0,28
2026-11-03,ICU,6.61,18.0,25.0,28.0,27.0,28
2026-11-04,ICU,6.64,18.0,26.0,28.0,28.0,28
2026-11-05,ICU,6.23,18.0,25.0,28.0,27.0,28
2026-11-06,ICU,6.35,18.0,26.0,28.0,28.0,28
2026-11-07,ICU,5.93,18.0,25.0,28.0,28.0,28
2026-11-08,ICU,5.91,18.0,25.0,28.0,27.0,28
2026-11-09,ICU,6.49,17.0,26.0,28.0,27.0,28
2026-11-10,ICU,6.79,18.0,26.0,28.0,28.0,28
2026-11-11,ICU,6.82,19.0,26.0,28.0,29.0,28
2026-11-12,ICU,6.39,19.0,26.0,28.0,28.0,28
2026-11-13,ICU,6.51,20.0,26.0,28.0,28.0,28
2026-11-14,ICU,6.08,19.0,25.0,28.0,28.0,28
2026-11-15,ICU,6.06,18.950000000000003,25.0,28.0,28.0,28
2026-11-16,ICU,6.65,19.0,25.0,28.0,28.0,28
2026-11-17,ICU,6.95,19.0,26.0,28.0,29.0,28
2026-11-18,ICU,6.98,20.0,27.0,28.0,29.0,28
2026-11-19,ICU,6.54,20.0,26.0,28.0,29.0,28
2026-11-20,ICU,6.66,20.0,26.0,28.0,29.5,28
2026-11-21,ICU,6.22,20.0,26.0,28.0,29.0,28
2026-11-22,ICU,6.2,19.950000000000003,25.0,28.0,29.0,28
2026-11-23,ICU,6.79,19.0,26.0,28.0,28.0,28
2026-11-24,ICU,7.1,19.0,27.0,28.0,29.0,28
2026-11-25,ICU,7.12,20.0,27.0,28.0,30.0,28
2026-11-26,ICU,6.68,19.0,27.0,28.0,30.0,28
2026-11-27,ICU,6.79,20.0,26.0,28.0,30.0,28
2026-11-28,ICU,6.34,19.0,26.0,28.0,30.0,28
2026-11-29,ICU,6.31,19.0,25.0,28.0,29.0,28
2026-11-30,ICU,6.91,19.0,26.0,28.0,29.0,28
2026-12-01,ICU,7.22,19.0,27.0,28.0,30.0,28
2026-12-02,ICU,7.24,21.0,28.0,28.0,31.0,28
2026-12-03,ICU,6.78,20.0,27.0,28.0,30.0,28
2026-12-04,ICU,6.89,20.0,27.0,28.0,30.0,28
2026-12-05,ICU,6.43,19.0,26.0,28.0,29.0,28
2026-12-06,ICU,6.4,19.0,26.0,28.0,29.0,28
2026-12-07,ICU,7.0,20.0,26.5,28.0,29.0,28
2026-12-08,ICU,7.31,19.0,27.0,28.0,30.0,28
2026-12-09,ICU,7.32,20.0,27.0,28.0,30.0,28
2026-12-10,ICU,6.85,20.0,26.0,28.0,31.0,28
2026-12-11,ICU,6.96,19.950000000000003,27.0,28.0,30.0,28
2026-12-12,ICU,6.49,20.0,26.0,28.0,30.0,28
2026-12-13,ICU,6.45,20.0,26.0,28.0,30.0,28
2026-12-14,ICU,7.05,20.0,26.0,28.0,30.0,28
2026-12-15,ICU,7.36,20.0,27.0,28.0,30.0,28
2026-12-16,ICU,7.37,21.0,28.0,28.0,31.0,28
2026-12-17,ICU,6.89,20.0,27.0,28.0,31.0,28
2026-12-18,ICU,6.99,20.0,27.0,28.0,30.0,28
2026-12-19,ICU,6.51,20.0,26.0,28.0,31.0,28
2026-12-20,ICU,6.47,19.0,26.0,28.0,30.0,28
2026-12-21,ICU,7.07,20.0,26.0,28.0,30.0,28
2026-12-22,ICU,7.36,20.0,27.0,28.0,30.0,28
2026-12-23,ICU,7.37,20.0,27.0,28.0,30.0,28
2026-12-24,ICU,6.89,20.0,27.0,28.0,31.0,28
2026-12-25,ICU,6.98,21.0,27.0,28.0,31.0,28
2026-12-26,ICU,6.5,20.0,27.0,28.0,30.0,28
2026-12-27,ICU,6.45,20.0,26.0,28.0,30.0,28
2026-12-28,ICU,7.04,20.0,27.0,28.0,30.0,28
2026-12-29,ICU,7.33,20.950000000000003,27.0,28.0,31.0,28
2026-12-30,ICU,7.33,21.0,28.0,28.0,31.0,28
2026-12-31,ICU,6.85,21.0,27.0,28.0,31.0,28
2027-01-01,ICU,6.94,20.0,27.0,28.0,31.0,28
2027-01-02,ICU,6.45,20.0,26.0,28.0,30.0,28
2027-01-03,ICU,6.4,20.0,26.0,28.0,29.0,28
2027-01-04,ICU,6.99,20.0,27.0,28.0,30.0,28
2027-01-05,ICU,7.27,20.0,27.0,28.0,30.0,28
2027-01-06,ICU,7.27,21.0,27.0,28.0,31.0,28
2027-01-07,ICU,6.78,19.950000000000003,27.0,28.0,31.0,28
2027-01-08,ICU,6.87,19.0,27.0,28.0,30.0,28
2027-01-09,ICU,6.38,19.0,26.0,28.0,30.0,28
2027-01-10,ICU,6.33,19.0,26.0,28.0,29.0,28
2027-01-11,ICU,6.91,19.0,26.0,28.0,29.0,28
2027-01-12,ICU,7.18,20.0,27.0,28.0,30.0,28
2027-01-13,ICU,7.18,20.0,27.0,28.0,30.0,28
2027-01-14,ICU,6.7,20.0,27.0,28.0,30.0,28
2027-01-15,ICU,6.78,20.0,27.0,28.0,30.0,28
2027-01-16,ICU,6.3,20.0,26.0,28.0,29.0,28
2027-01-17,ICU,6.24,20.0,26.0,28.0,28.0,28
2027-01-18,ICU,6.81,20.0,26.0,28.0,29.0,28
2027-01-19,ICU,7.08,20.0,27.0,28.0,29.0,28
2027-01-20,ICU,7.07,20.0,27.0,28.0,30.0,28
2027-01-21,ICU,6.6,20.0,26.0,28.0,30.0,28
2027-01-22,ICU,6.68,20.0,26.0,28.0,30.0,28
2027-01-23,ICU,6.21,19.0,26.0,28.0,29.0,28
2027-01-24,ICU,6.15,19.0,26.0,28.0,29.0,28
2027-01-25,ICU,6.71,19.0,26.0,28.0,29.0,28
2027-01-26,ICU,6.98,19.950000000000003,27.0,28.0,29.0,28
2027-01-27,ICU,6.97,20.0,27.0,28.0,30.0,28
2027-01-28,ICU,6.5,19.0,26.0,28.0,29.0,28
2027-01-29,ICU,6.58,20.0,26.0,28.0,29.0,28
2027-01-30,ICU,6.11,19.0,25.0,28.0,28.0,28
2027-01-31,ICU,6.06,18.0,25.0,28.0,28.0,28
2027-02-01,ICU,6.61,19.0,26.0,28.0,28.0,28
2027-02-02,ICU,6.87,20.0,27.0,28.0,29.0,28
2027-02-03,ICU,6.87,19.0,26.0,28.0,29.0,28
2027-02-04,ICU,6.41,18.0,26.0,28.0,29.0,28
2027-02-05,ICU,6.48,18.950000000000003,26.0,28.0,29.0,28
2027-02-06,ICU,6.03,18.0,26.0,28.0,28.0,28
2027-02-07,ICU,5.98,18.0,25.0,28.0,27.0,28
2027-02-08,ICU,6.52,18.950000000000003,25.0,28.0,28.0,28
2027-02-09,ICU,6.78,19.0,26.0,28.0,28.0,28
2027-02-10,ICU,6.78,19.950000000000003,27.0,28.0,28.0,28
2027-02-11,ICU,6.32,19.0,26.0,28.0,28.5,28
2027-02-12,ICU,6.4,19.0,26.0,28.0,28.5,28
2027-02-13,ICU,5.95,18.0,25.0,28.0,28.0,28
2027-02-14,ICU,5.91,17.0,25.0,28.0,28.0,28
2027-02-15,ICU,6.44,18.0,25.0,28.0,28.0,28
2027-02-16,ICU,6.71,18.0,26.0,28.0,28.0,28
2027-02-17,ICU,6.7,19.0,26.0,28.0,29.0,28
2027-02-18,ICU,6.26,17.950000000000003,26.0,28.0,29.0,28
2027-02-19,ICU,6.34,18.0,26.0,28.0,28.0,28
2027-02-20,ICU,5.9,19.0,26.0,28.0,28.0,28
2027-02-21,ICU,5.85,19.0,25.0,28.0,27.0,28
2027-02-22,ICU,6.39,18.0,25.0,28.0,27.0,28
2027-02-23,ICU,6.65,19.0,26.0,28.0,28.0,28
2027-02-24,ICU,6.65,19.0,26.0,28.0,28.0,28
2027-02-25,ICU,6.21,19.0,26.0,28.0,28.0,28
2027-02-26,ICU,6.29,19.0,26.0,28.0,28.0,28
2027-02-27,ICU,5.85,18.0,25.0,28.0,27.0,28
2027-02-28,ICU,5.81,18.0,25.0,28.0,27.0,28
2027-03-01,ICU,6.34,18.0,25.0,28.0,27.0,28
2027-03-02,ICU,6.61,19.0,26.0,28.0,27.0,28
2027-03-03,ICU,6.61,19.0,26.0,28.0,28.0,28
2027-03-04,ICU,6.17,18.0,25.0,28.0,27.0,28
2027-03-05,ICU,6.26,19.0,26.0,28.0,28.0,28
2027-03-06,ICU,5.82,19.0,25.0,28.0,27.0,28
2027-03-07,ICU,5.78,18.0,24.0,28.0,26.0,28
2027-03-08,ICU,6.32,18.0,25.0,28.0,27.0,28
2027-03-09,ICU,6.58,18.0,25.0,28.0,27.0,28
2027-03-10,ICU,6.58,18.0,26.0,28.0,28.0,28
2027-03-11,ICU,6.15,18.950000000000003,25.0,28.0,27.0,28
2027-03-12,ICU,6.24,19.0,25.0,28.0,27.0,28
2027-03-13,ICU,5.81,18.0,25.0,28.0,27.0,28
2027-03-14,ICU,5.77,18.0,25.0,28.0,26.0,28
2027-03-15,ICU,6.3,17.0,25.0,28.0,26.0,28
2027-03-16,ICU,6.56,17.950000000000003,26.0,28.0,27.0,28
2027-03-17,ICU,6.57,18.950000000000003,26.0,28.0,27.0,28
2027-03-18,ICU,6.14,18.0,25.0,28.0,27.0,28
2027-03-19,ICU,6.22,18.0,25.0,28.0,27.0,28
2027-03-20,ICU,5.79,18.0,25.0,28.0,27.0,28
2027-03-21,ICU,5.75,17.0,24.0,28.0,26.0,28
2027-03-22,ICU,6.29,18.0,25.0,28.0,27.0,28
2027-03-23,ICU,6.55,18.0,25.0,28.0,27.0,28
2027-03-24,ICU,6.55,18.0,26.0,28.0,28.0,28
2027-03-25,ICU,6.12,18.0,25.0,28.0,28.0,28
2027-03-26,ICU,6.21,18.0,26.0,28.0,28.0,28
2027-03-27,ICU,5.78,18.0,25.0,28.0,27.0,28
2027-03-28,ICU,5.74,18.0,25.0,28.0,27.0,28
2027-03-29,ICU,6.27,19.0,25.0,28.0,27.0,28
2027-03-30,ICU,6.53,19.0,26.0,28.0,27.0,28
2027-03-31,ICU,6.54,19.0,25.0,28.0,28.0,28
2026-10-01,Step-Down,11.23,35.0,43.0,48.0,43.0,48
2026-10-02,Step-Down,10.81,34.0,43.0,48.0,44.0,48
2026-10-03,Step-Down,9.98,32.0,41.0,48.0,42.0,48
2026-10-04,Step-Down,10.1,32.0,41.0,48.0,40.5,48
2026-10-05,Step-Down,11.64,32.0,41.0,48.0,42.0,48
2026-10-06,Step-Down,11.55,33.95,42.0,48.0,43.0,48
2026-10-07,Step-Down,11.34,33.0,43.0,48.0,43.0,48
2026-10-08,Step-Down,11.3,33.0,43.0,48.0,44.0,48
2026-10-09,Step-Down,10.88,33.0,43.0,48.0,44.0,48
2026-10-10,Step-Down,10.05,31.0,41.0,48.0,42.0,48
2026-10-11,Step-Down,10.18,30.0,41.0,48.0,42.0,48
2026-10-12,Step-Down,11.73,31.0,42.0,48.0,42.0,48
2026-10-13,Step-Down,11.64,33.0,42.0,48.0,44.0,48
2026-10-14,Step-Down,11.44,33.0,43.0,48.0,44.0,48
2026-10-15,Step-Down,11.41,33.0,43.0,48.0,44.0,48
2026-10-16,Step-Down,10.99,33.0,43.0,48.0,43.0,48
2026-10-17,Step-Down,10.16,32.0,42.0,48.0,42.0,48
2026-10-18,Step-Down,10.3,31.950000000000003,41.0,48.0,42.0,48
2026-10-19,Step-Down,11.88,31.0,41.0,48.0,42.0,48
2026-10-20,Step-Down,11.8,32.0,43.0,48.0,43.0,48
2026-10-21,Step-Down,11.6,33.0,43.0,48.0,44.0,48
2026-10-22,Step-Down,11.58,33.0,44.0,48.0,45.0,48
2026-10-23,Step-Down,11.16,32.0,43.0,48.0,44.0,48
2026-10-24,Step-Down,10.32,33.0,42.0,48.0,43.0,48
2026-10-25,Step-Down,10.47,32.0,41.0,48.0,42.0,48
2026-10-26,Step-Down,12.09,32.0,43.0,48.0,44.0,48
2026-10-27,Step-Down,12.01,34.0,43.0,48.0,44.0,48
2026-10-28,Step-Down,11.82,34.0,43.0,48.0,45.0,48
2026-10-29,Step-Down,11.81,35.0,44.0,48.0,46.0,48
2026-10-30,Step-Down,11.39,35.0,44.0,48.0,45.0,48
2026-10-31,Step-Down,10.54,33.0,43.0,48.0,44.0,48
2026-11-01,Step-Down,10.71,32.0,42.0,48.0,43.0,48
2026-11-02,Step-Down,12.37,34.0,43.0,48.0,45.0,48
2026-11-03,Step-Down,12.3,35.0,44.0,48.0,45.0,48
2026-11-04,Step-Down,12.11,34.0,45.0,48.0,46.0,48
2026-11-05,Step-Down,12.11,35.0,45.0,48.0,46.0,48
2026-11-06,Step-Down,11.69,35.0,45.0,48.0,46.0,48
2026-11-07,Step-Down,10.83,34.95,43.0,48.0,45.0,48
2026-11-08,Step-Down,11.0,33.0,42.0,48.0,43.5,48
2026-11-09,Step-Down,12.72,34.0,44.0,48.0,45.0,48
2026-11-10,Step-Down,12.66,35.0,45.0,48.0,46.0,48
2026-11-11,Step-Down,12.47,36.0,45.0,48.0,48.0,48
2026-11-12,Step-Down,12.47,35.0,46.0,48.0,48.0,48
2026-11-13,Step-Down,12.05,35.0,45.0,48.0,48.0,48
2026-11-14,Step-Down,11.17,34.0,44.0,48.0,47.0,48
2026-11-15,Step-Down,11.35,33.0,44.0,48.0,46.0,48
2026-11-16,Step-Down,13.13,35.0,45.0,48.0,47.5,48
2026-11-17,Step-Down,13.07,36.0,46.0,48.0,48.0,48
2026-11-18,Step-Down,12.89,36.0,46.0,48.0,48.0,48
2026-11-19,Step-Down,12.89,37.0,46.0,48.0,49.0,48
2026-11-20,Step-Down,12.45,36.0,46.0,48.0,49.0,48
2026-11-21,Step-Down,11.55,36.0,45.0,48.0,48.0,48
2026-11-22,Step-Down,11.74,35.0,44.0,48.0,47.0,48
2026-11-23,Step-Down,13.58,35.95,46.0,48.0,49.0,48
2026-11-24,Step-Down,13.52,38.0,47.0,48.0,49.0,48
2026-11-25,Step-Down,13.33,38.0,47.0,48.0,51.0,48
2026-11-26,Step-Down,13.33,38.0,47.0,48.0,51.0,48
2026-11-27,Step-Down,12.88,37.0,47.0,48.0,51.0,48
2026-11-28,Step-Down,11.94,37.0,45.0,48.0,50.0,48
2026-11-29,Step-Down,12.14,36.0,45.0,48.0,49.0,48
2026-11-30,Step-Down,14.04,38.0,47.0,48.0,50.0,48
2026-12-01,Step-Down,13.98,37.0,48.0,48.0,51.0,48
2026-12-02,Step-Down,13.78,39.0,48.0,48.0,52.0,48
2026-12-03,Step-Down,13.78,39.0,48.0,48.0,53.0,48
2026-12-04,Step-Down,13.31,38.0,47.0,48.0,52.0,48
2026-12-05,Step-Down,12.33,37.0,46.0,48.0,51.0,48
2026-12-06,Step-Down,12.53,36.0,46.0,48.0,51.0,48
2026-12-07,Step-Down,14.48,38.0,48.0,48.0,52.0,48
2026-12-08,Step-Down,14.41,38.0,48.0,48.0,53.0,48
2026-12-09,Step-Down,14.19,40.0,48.0,48.0,54.0,48
2026-12-10,Step-Down,14.18,40.0,48.0,48.0,55.0,48
2026-12-11,Step-Down,13.69,40.0,48.0,48.0,54.0,48
2026-12-12,Step-Down,12.67,39.0,47.0,48.0,53.0,48
2026-12-13,Step-Down,12.87,38.0,47.0,48.0,53.0,48
2026-12-14,Step-Down,14.86,38.95,48.0,48.0,54.0,48
2026-12-15,Step-Down,14.77,39.0,48.0,48.0,55.0,48
2026-12-16,Step-Down,14.54,40.95,48.0,48.0,55.0,48
2026-12-17,Step-Down,14.52,40.0,48.0,48.0,56.0,48
2026-12-18,Step-Down,13.99,40.0,48.0,48.0,55.0,48
2026-12-19,Step-Down,12.95,39.0,47.0,48.0,54.0,48
2026-12-20,Step-Down,13.13,38.0,47.0,48.0,53.0,48
2026-12-21,Step-Down,15.14,40.0,48.0,48.0,54.0,48
2026-12-22,Step-Down,15.04,40.0,48.0,48.0,55.0,48
2026-12-23,Step-Down,14.79,41.0,48.0,48.0,57.0,48
2026-12-24,Step-Down,14.75,42.0,48.0,48.0,57.0,48
2026-12-25,Step-Down,14.2,40.0,48.0,48.0,56.0,48
2026-12-26,Step-Down,13.12,40.0,48.0,48.0,55.0,48
2026-12-27,Step-Down,13.29,39.0,48.0,48.0,54.0,48
2026-12-28,Step-Down,15.31,41.0,48.0,48.0,55.0,48
2026-12-29,Step-Down,15.19,41.0,48.0,48.0,55.0,48
2026-12-30,Step-Down,14.91,41.0,48.0,48.0,56.0,48
2026-12-31,Step-Down,14.85,42.0,48.0,48.0,57.0,48
2027-01-01,Step-Down,14.28,41.0,48.0,48.0,57.0,48
2027-01-02,Step-Down,13.18,39.0,48.0,48.0,56.0,48
2027-01-03,Step-Down,13.34,37.95,47.0,48.0,54.0,48
2027-01-04,Step-Down,15.34,41.0,48.0,48.0,55.0,48
2027-01-05,Step-Down,15.2,41.0,48.0,48.0,56.0,48
2027-01-06,Step-Down,14.9,42.0,48.0,48.0,56.5,48
2027-01-07,Step-Down,14.83,40.0,48.0,48.0,56.0,48
2027-01-08,Step-Down,14.24,40.0,48.0,48.0,57.0,48
2027-01-09,Step-Down,13.12,39.0,47.5,48.0,55.0,48
2027-01-10,Step-Down,13.26,39.0,47.0,48.0,55.0,48
2027-01-11,Step-Down,15.24,40.0,48.0,48.0,55.0,48
2027-01-12,Step-Down,15.08,40.0,48.0,48.0,56.0,48
2027-01-13,Step-Down,14.77,41.0,48.0,48.0,57.0,48
2027-01-14,Step-Down,14.68,40.0,48.0,48.0,56.0,48
2027-01-15,Step-Down,14.08,40.0,48.0,48.0,56.0,48
2027-01-16,Step-Down,12.97,39.0,48.0,48.0,55.0,48
2027-01-17,Step-Down,13.09,39.0,47.0,48.0,54.0,48
2027-01-18,Step-Down,15.03,40.0,48.0,48.0,55.0,48
2027-01-19,Step-Down,14.86,40.0,48.0,48.0,56.0,48
2027-01-20,Step-Down,14.54,41.0,48.0,48.0,56.0,48
2027-01-21,Step-Down,14.43,40.0,48.0,48.0,57.0,48
2027-01-22,Step-Down,13.84,40.0,48.0,48.0,56.0,48
2027-01-23,Step-Down,12.73,38.0,47.0,48.0,54.5,48
2027-01-24,Step-Down,12.84,37.0,46.0,48.0,53.0,48
2027-01-25,Step-Down,14.73,38.0,48.0,48.0,53.0,48
2027-01-26,Step-Down,14.56,39.0,48.0,48.0,54.0,48
2027-01-27,Step-Down,14.23,40.0,48.0,48.0,54.0,48
2027-01-28,Step-Down,14.13,40.0,48.0,48.0,54.0,48
2027-01-29,Step-Down,13.54,39.0,48.0,48.0,54.0,48
2027-01-30,Step-Down,12.45,37.95,47.0,48.0,52.0,48
2027-01-31,Step-Down,12.55,37.0,46.0,48.0,51.0,48
2027-02-01,Step-Down,14.39,38.0,48.0,48.0,52.5,48
2027-02-02,Step-Down,14.21,39.0,48.0,48.0,53.0,48
2027-02-03,Step-Down,13.9,39.0,48.0,48.0,53.0,48
2027-02-04,Step-Down,13.79,39.0,48.0,48.0,54.0,48
2027-02-05,Step-Down,13.21,39.0,47.0,48.0,53.0,48
2027-02-06,Step-Down,12.14,37.0,46.0,48.0,52.0,48
2027-02-07,Step-Down,12.24,36.0,46.0,48.0,50.0,48
2027-02-08,Step-Down,14.04,38.0,47.0,48.0,51.0,48
2027-02-09,Step-Down,13.87,39.0,48.0,48.0,52.0,48
2027-02-10,Step-Down,13.56,39.0,47.0,48.0,52.0,48
2027-02-11,Step-Down,13.45,39.0,47.0,48.0,52.0,48
2027-02-12,Step-Down,12.89,38.95,47.0,48.0,52.0,48
2027-02-13,Step-Down,11.85,37.0,45.0,48.0,50.0,48
2027-02-14,Step-Down,11.95,36.0,45.0,48.0,49.0,48
2027-02-15,Step-Down,13.71,36.0,46.0,48.0,50.0,48
2027-02-16,Step-Down,13.54,37.95,47.0,48.0,51.0,48
2027-02-17,Step-Down,13.24,38.0,47.0,48.0,52.0,48
2027-02-18,Step-Down,13.14,38.0,47.0,48.0,51.0,48
2027-02-19,Step-Down,12.6,37.0,46.0,48.0,51.0,48
2027-02-20,Step-Down,11.59,35.0,45.0,48.0,49.0,48
2027-02-21,Step-Down,11.69,35.0,45.0,48.0,48.0,48
2027-02-22,Step-Down,13.42,37.0,46.0,48.0,49.0,48
2027-02-23,Step-Down,13.26,37.95,47.0,48.0,50.0,48
2027-02-24,Step-Down,12.98,37.0,47.0,48.0,50.0,48
2027-02-25,Step-Down,12.89,38.0,46.0,48.0,50.0,48
2027-02-26,Step-Down,12.36,36.95,46.0,48.0,49.0,48
2027-02-27,Step-Down,11.38,35.0,44.0,48.0,48.0,48
2027-02-28,Step-Down,11.49,34.95,44.0,48.0,47.0,48
2027-03-01,Step-Down,13.19,35.0,45.0,48.0,48.0,48
2027-03-02,Step-Down,13.04,36.0,46.0,48.0,49.0,48
2027-03-03,Step-Down,12.77,37.0,46.0,48.0,50.0,48
2027-03-04,Step-Down,12.69,37.0,46.0,48.0,50.0,48
2027-03-05,Step-Down,12.18,37.0,46.0,48.0,49.0,48
2027-03-06,Step-Down,11.22,35.0,44.0,48.0,47.0,48
2027-03-07,Step-Down,11.33,34.0,44.0,48.0,46.0,48
2027-03-08,Step-Down,13.02,35.0,45.0,48.0,47.0,48
2027-03-09,Step-Down,12.89,36.0,46.0,48.0,48.0,48
2027-03-10,Step-Down,12.62,36.0,46.0,48.0,48.0,48
2027-03-11,Step-Down,12.55,37.0,46.0,48.0,49.0,48
2027-03-12,Step-Down,12.05,36.0,45.0,48.0,48.0,48
2027-03-13,Step-Down,11.11,36.0,44.0,48.0,47.0,48
2027-03-14,Step-Down,11.23,33.0,43.0,48.0,45.0,48
2027-03-15,Step-Down,12.91,35.0,44.0,48.0,46.0,48
2027-03-16,Step-Down,12.78,36.0,46.0,48.0,47.0,48
2027-03-17,Step-Down,12.53,37.0,46.0,48.0,47.0,48
2027-03-18,Step-Down,12.47,38.0,46.0,48.0,48.0,48
2027-03-19,Step-Down,11.98,36.0,45.0,48.0,48.0,48
2027-03-20,Step-Down,11.04,35.0,44.0,48.0,47.0,48
2027-03-21,Step-Down,11.17,34.0,43.0,48.0,46.0,48
2027-03-22,Step-Down,12.84,34.0,45.0,48.0,46.0,48
2027-03-23,Step-Down,12.72,35.0,45.0,48.0,48.0,48
2027-03-24,Step-Down,12.48,36.0,45.0,48.0,48.0,48
2027-03-25,Step-Down,12.41,36.0,45.0,48.0,48.0,48
2027-03-26,Step-Down,11.93,36.0,45.0,48.0,48.0,48
2027-03-27,Step-Down,11.0,35.0,43.0,48.0,47.0,48
2027-03-28,Step-Down,11.13,34.0,43.0,48.0,45.0,48
2027-03-29,Step-Down,12.8,35.0,45.0,48.0,47.0,48
2027-03-30,Step-Down,12.68,34.0,46.0,48.0,47.0,48
2027-03-31,Step-Down,12.44,35.95,45.0,48.0,49.0,48
2026-10-01,Med-Surg,40.29,174.0,192.0,204.0,193.0,204
2026-10-02,Med-Surg,39.0,170.0,190.0,204.0,190.5,204
2026-10-03,Med-Surg,31.07,160.0,180.5,199.0,180.0,204
2026-10-04,Med-Surg,30.1,150.0,171.0,190.0,171.0,204
2026-10-05,Med-Surg,43.53,152.0,176.0,197.0,177.0,204
2026-10-06,Med-Surg,41.93,159.0,180.0,203.0,182.0,204
2026-10-07,Med-Surg,42.02,162.95,184.0,204.0,186.0,204
2026-10-08,Med-Surg,40.78,162.95,187.0,204.0,189.0,204
2026-10-09,Med-Surg,39.49,161.95,187.0,204.0,188.0,204
2026-10-10,Med-Surg,31.47,155.0,180.0,199.0,180.0,204
2026-10-11,Med-Surg,30.49,145.0,171.0,191.0,170.0,204
2026-10-12,Med-Surg,44.13,154.0,178.0,198.0,178.0,204
2026-10-13,Med-Surg,42.52,158.95,182.0,204.0,182.5,204
2026-10-14,Med-Surg,42.62,163.95,187.0,204.0,186.0,204
2026-10-15,Med-Surg,41.38,165.0,189.0,204.0,189.5,204
2026-10-16,Med-Surg,40.09,166.0,189.0,204.0,189.5,204
2026-10-17,Med-Surg,31.96,158.0,179.0,200.0,181.0,204
2026-10-18,Med-Surg,30.98,148.95,171.0,192.04999999999995,173.0,204
2026-10-19,Med-Surg,44.85,157.0,179.0,201.04999999999995,180.0,204
2026-10-20,Med-Surg,43.23,161.95,184.5,204.0,186.0,204
2026-10-21,Med-Surg,43.36,166.0,189.0,204.0,192.0,204
2026-10-22,Med-Surg,42.11,169.0,191.0,204.0,193.0,204
2026-10-23,Med-Surg,40.81,170.0,191.0,204.0,193.0,204
2026-10-24,Med-Surg,32.54,162.0,183.0,202.0,183.0,204
2026-10-25,Med-Surg,31.56,154.0,174.0,196.0,175.0,204
2026-10-26,Med-Surg,45.71,160.0,182.0,204.0,182.0,204
2026-10-27,Med-Surg,44.07,165.0,186.0,204.0,188.0,204
2026-10-28,Med-Surg,44.22,168.95,192.0,204.0,193.0,204
2026-10-29,Med-Surg,42.97,170.0,194.0,204.0,195.0,204
2026-10-30,Med-Surg,41.66,170.0,194.0,204.0,194.5,204
2026-10-31,Med-Surg,33.23,162.0,184.0,204.0,185.0,204
2026-11-01,Med-Surg,32.24,154.95,175.0,197.0,177.5,204
2026-11-02,Med-Surg,46.7,163.0,183.0,204.0,185.5,204
2026-11-03,Med-Surg,45.04,169.0,190.0,204.0,192.0,204
2026-11-04,Med-Surg,45.21,174.0,195.0,204.0,196.0,204
2026-11-05,Med-Surg,43.94,174.0,196.0,204.0,200.0,204
2026-11-06,Med-Surg,42.61,173.0,196.0,204.0,200.0,204
2026-11-07,Med-Surg,34.0,165.95,187.0,204.0,192.0,204
2026-11-08,Med-Surg,32.99,158.0,179.0,198.0,183.0,204
2026-11-09,Med-Surg,47.81,165.0,187.0,204.0,190.0,204
2026-11-10,Med-Surg,46.12,170.0,193.0,204.0,196.0,204
2026-11-11,Med-Surg,46.3,174.0,198.0,204.0,200.5,204
2026-11-12,Med-Surg,45.0,176.95,200.0,204.0,202.0,204
2026-11-13,Med-Surg,43.65,178.95,198.0,204.0,203.0,204
2026-11-14,Med-Surg,34.83,171.0,189.0,204.0,195.0,204
2026-11-15,Med-Surg,33.8,161.0,182.0,199.0,185.5,204
2026-11-16,Med-Surg,48.99,170.95,191.0,204.0,194.0,204
2026-11-17,Med-Surg,47.26,175.95,196.0,204.0,202.0,204
2026-11-18,Med-Surg,47.44,178.0,201.0,204.0,207.0,204
2026-11-19,Med-Surg,46.12,180.0,202.0,204.0,210.0,204
2026-11-20,Med-Surg,44.73,182.0,202.0,204.0,210.0,204
2026-11-21,Med-Surg,35.69,173.0,192.0,204.0,202.0,204
2026-11-22,Med-Surg,34.64,165.0,184.0,203.0,193.0,204
2026-11-23,Med-Surg,50.19,173.0,195.0,204.0,201.0,204
2026-11-24,Med-Surg,48.41,178.0,201.0,204.0,207.0,204
2026-11-25,Med-Surg,48.59,183.0,204.0,204.0,212.0,204
2026-11-26,Med-Surg,47.23,187.0,204.0,204.0,215.0,204
2026-11-27,Med-Surg,45.8,186.0,204.0,204.0,215.0,204
2026-11-28,Med-Surg,36.53,177.0,193.0,204.0,206.0,204
2026-11-29,Med-Surg,35.45,167.0,187.0,204.0,196.0,204
2026-11-30,Med-Surg,51.35,177.0,198.0,204.0,205.0,204
2026-12-01,Med-Surg,49.52,184.9,204.0,204.0,212.0,204
2026-12-02,Med-Surg,49.68,190.95,204.0,204.0,216.0,204
2026-12-03,Med-Surg,48.27,189.0,204.0,204.0,218.5,204
2026-12-04,Med-Surg,46.79,188.95,204.0,204.0,220.0,204
2026-12-05,Med-Surg,37.31,176.0,196.0,204.0,210.0,204
2026-12-06,Med-Surg,36.19,171.0,189.0,204.0,199.0,204
2026-12-07,Med-Surg,52.39,179.0,199.5,204.0,208.5,204
2026-12-08,Med-Surg,50.5,183.95,204.0,204.0,215.0,204
2026-12-09,Med-Surg,50.65,188.0,204.0,204.0,221.0,204
2026-12-10,Med-Surg,49.18,191.0,204.0,204.0,224.0,204
2026-12-11,Med-Surg,47.65,189.0,204.0,204.0,223.0,204
2026-12-12,Med-Surg,37.98,179.95,196.0,204.0,213.0,204
2026-12-13,Med-Surg,36.81,171.0,190.0,204.0,204.5,204
2026-12-14,Med-Surg,53.26,179.0,202.0,204.0,212.5,204
2026-12-15,Med-Surg,51.31,187.0,204.0,204.0,220.0,204
2026-12-16,Med-Surg,51.43,192.95,204.0,204.0,224.5,204
2026-12-17,Med-Surg,49.91,192.0,204.0,204.0,228.0,204
2026-12-18,Med-Surg,48.32,192.0,204.0,204.0,228.0,204
2026-12-19,Med-Surg,38.48,180.0,196.0,204.0,218.0,204
2026-12-20,Med-Surg,37.27,173.0,191.0,204.0,208.0,204
2026-12-21,Med-Surg,53.9,182.0,203.0,204.0,215.5,204
2026-12-22,Med-Surg,51.89,190.0,204.0,204.0,224.0,204
2026-12-23,Med-Surg,51.97,195.0,204.0,204.0,227.0,204
2026-12-24,Med-Surg,50.4,192.0,204.0,204.0,230.0,204
2026-12-25,Med-Surg,48.75,190.0,204.0,204.0,231.0,204
2026-12-26,Med-Surg,38.8,182.0,196.0,204.0,220.0,204
2026-12-27,Med-Surg,37.56,172.0,192.0,204.0,209.0,204
2026-12-28,Med-Surg,54.27,182.0,204.0,204.0,216.0,204
2026-12-29,Med-Surg,52.2,189.0,204.0,204.0,225.0,204
2026-12-30,Med-Surg,52.24,195.0,204.0,204.0,229.0,204
2026-12-31,Med-Surg,50.62,193.0,204.0,204.0,232.0,204
2027-01-01,Med-Surg,48.94,191.0,204.0,204.0,231.0,204
2027-01-02,Med-Surg,38.92,182.0,198.0,204.0,222.0,204
2027-01-03,Med-Surg,37.64,176.0,192.0,204.0,211.0,204
2027-01-04,Med-Surg,54.35,184.95,204.0,204.0,221.0,204
2027-01-05,Med-Surg,52.24,190.0,204.0,204.0,225.0,204
2027-01-06,Med-Surg,52.24,194.0,204.0,204.0,230.0,204
2027-01-07,Med-Surg,50.59,192.95,204.0,204.0,233.0,204
2027-01-08,Med-Surg,48.87,193.0,204.0,204.0,233.0,204
2027-01-09,Med-Surg,38.83,183.0,198.0,204.0,221.0,204
2027-01-10,Med-Surg,37.53,172.0,192.0,204.0,211.0,204
2027-01-11,Med-Surg,54.15,181.95,203.0,204.0,219.0,204
2027-01-12,Med-Surg,52.02,188.0,204.0,204.0,224.0,204
2027-01-13,Med-Surg,51.99,192.95,204.0,204.0,229.0,204
2027-01-14,Med-Surg,50.31,191.95,204.0,204.0,232.0,204
2027-01-15,Med-Surg,48.57,189.95,204.0,204.0,231.0,204
2027-01-16,Med-Surg,38.57,180.0,197.0,204.0,219.0,204
2027-01-17,Med-Surg,37.26,171.0,192.0,204.0,210.0,204
2027-01-18,Med-Surg,53.73,181.0,202.0,204.0,217.0,204
2027-01-19,Med-Surg,51.58,188.95,204.0,204.0,223.0,204
2027-01-20,Med-Surg,51.52,192.0,204.0,204.0,228.5,204
2027-01-21,Med-Surg,49.83,190.95,204.0,204.0,231.0,204
2027-01-22,Med-Surg,48.08,189.95,204.0,204.0,230.5,204
2027-01-23,Med-Surg,38.17,178.0,197.0,204.0,220.0,204
2027-01-24,Med-Surg,36.85,172.0,190.0,204.0,207.0,204
2027-01-25,Med-Surg,53.12,180.0,202.0,204.0,215.0,204
2027-01-26,Med-Surg,50.98,186.0,204.0,204.0,221.0,204
2027-01-27,Med-Surg,50.9,190.0,204.0,204.0,226.0,204
2027-01-28,Med-Surg,49.21,191.0,204.0,204.0,227.0,204
2027-01-29,Med-Surg,47.47,190.0,204.0,204.0,226.5,204
2027-01-30,Med-Surg,37.67,179.0,196.0,204.0,215.0,204
2027-01-31,Med-Surg,36.36,169.95,189.0,204.0,203.0,204
2027-02-01,Med-Surg,52.4,178.0,201.0,204.0,212.0,204
2027-02-02,Med-Surg,50.27,186.95,204.0,204.0,218.0,204
2027-02-03,Med-Surg,50.18,190.95,204.0,204.0,224.0,204
2027-02-04,Med-Surg,48.51,189.0,204.0,204.0,224.0,204
2027-02-05,Med-Surg,46.78,188.0,204.0,204.0,223.0,204
2027-02-06,Med-Surg,37.12,176.0,195.0,204.0,212.0,204
2027-02-07,Med-Surg,35.82,168.0,188.0,204.0,202.0,204
2027-02-08,Med-Surg,51.62,178.0,199.0,204.0,209.0,204
2027-02-09,Med-Surg,49.52,182.95,204.0,204.0,214.5,204
2027-02-10,Med-Surg,49.43,189.95,204.0,204.0,220.0,204
2027-02-11,Med-Surg,47.78,189.0,204.0,204.0,223.0,204
2027-02-12,Med-Surg,46.07,187.0,204.0,204.0,220.5,204
2027-02-13,Med-Surg,36.56,178.0,195.0,204.0,211.0,204
2027-02-14,Med-Surg,35.28,168.0,187.0,204.0,200.0,204
2027-02-15,Med-Surg,50.83,175.95,197.0,204.0,207.0,204
2027-02-16,Med-Surg,48.77,180.0,203.0,204.0,212.0,204
2027-02-17,Med-Surg,48.68,186.95,204.0,204.0,215.0,204
2027-02-18,Med-Surg,47.06,185.0,204.0,204.0,218.0,204
2027-02-19,Med-Surg,45.39,185.95,202.0,204.0,217.0,204
2027-02-20,Med-Surg,36.01,176.0,193.0,204.0,206.0,204
2027-02-21,Med-Surg,34.76,166.0,185.0,201.0,195.0,204
2027-02-22,Med-Surg,50.09,173.0,194.0,204.0,202.0,204
2027-02-23,Med-Surg,48.06,176.0,201.0,204.0,209.0,204
2027-02-24,Med-Surg,47.98,183.95,204.0,204.0,213.0,204
2027-02-25,Med-Surg,46.39,184.0,204.0,204.0,215.0,204
2027-02-26,Med-Surg,44.75,180.95,202.0,204.0,215.0,204
2027-02-27,Med-Surg,35.51,174.0,193.0,204.0,204.0,204
2027-02-28,Med-Surg,34.28,164.0,184.0,202.0,192.0,204
2027-03-01,Med-Surg,49.41,170.0,193.0,204.0,200.0,204
2027-03-02,Med-Surg,47.42,175.0,201.0,204.0,206.0,204
2027-03-03,Med-Surg,47.35,181.0,204.0,204.0,212.0,204
2027-03-04,Med-Surg,45.78,182.0,203.0,204.0,212.0,204
2027-03-05,Med-Surg,44.17,182.0,200.0,204.0,211.0,204
2027-03-06,Med-Surg,35.06,171.0,190.0,204.0,201.0,204
2027-03-07,Med-Surg,33.85,163.0,183.0,201.04999999999995,191.0,204
2027-03-08,Med-Surg,48.8,171.0,192.0,204.0,198.0,204
2027-03-09,Med-Surg,46.84,174.0,199.0,204.0,204.0,204
2027-03-10,Med-Surg,46.78,180.0,201.0,204.0,208.0,204
2027-03-11,Med-Surg,45.25,183.0,201.0,204.0,208.0,204
2027-03-12,Med-Surg,43.66,182.0,200.0,204.0,209.0,204
2027-03-13,Med-Surg,34.66,175.0,190.0,204.0,197.5,204
2027-03-14,Med-Surg,33.47,163.95,183.0,201.0,188.0,204
2027-03-15,Med-Surg,48.26,166.0,191.0,204.0,195.0,204
2027-03-16,Med-Surg,46.33,172.95,196.0,204.0,202.0,204
2027-03-17,Med-Surg,46.28,177.0,200.0,204.0,205.0,204
2027-03-18,Med-Surg,44.77,177.0,199.0,204.0,206.0,204
2027-03-19,Med-Surg,43.2,176.95,198.0,204.0,205.0,204
2027-03-20,Med-Surg,34.3,168.0,188.0,204.0,196.0,204
2027-03-21,Med-Surg,33.13,161.0,181.0,198.04999999999995,187.0,204
2027-03-22,Med-Surg,47.77,166.0,189.0,204.0,192.0,204
2027-03-23,Med-Surg,45.87,171.95,194.0,204.0,198.0,204
2027-03-24,Med-Surg,45.82,176.0,198.0,204.0,202.0,204
2027-03-25,Med-Surg,44.32,176.95,199.0,204.0,204.0,204
2027-03-26,Med-Surg,42.78,177.0,198.0,204.0,203.0,204
2027-03-27,Med-Surg,33.97,166.95,188.0,204.0,194.0,204
2027-03-28,Med-Surg,32.81,158.95,178.0,198.0,184.0,204
2027-03-29,Med-Surg,47.31,164.0,187.0,204.0,191.0,204
2027-03-30,Med-Surg,45.42,168.95,193.5,204.0,197.0,204
2027-03-31,Med-Surg,45.37,173.0,197.0,204.0,201.0,204
