origin,unit,census_MAPE,census_MAE,interval90_coverage
2025-07-01,ICU,0.17172224195961502,3.4611111111111112,0.9555555555555556
2025-07-01,Step-Down,0.16775624267570036,5.6722222222222225,0.8444444444444444
2025-07-01,Med-Surg,0.08310269604246835,12.766666666666667,0.8111111111111111
2025-10-01,ICU,0.10133672126166253,2.172222222222222,0.9666666666666667
2025-10-01,Step-Down,0.125515797846614,4.166666666666667,0.9222222222222223
2025-10-01,Med-Surg,0.0448527793169533,8.044444444444444,0.9333333333333333
2026-01-01,ICU,0.0868243408943892,2.1666666666666665,1.0
2026-01-01,Step-Down,0.08179312505469342,3.216666666666667,0.8777777777777778
2026-01-01,Med-Surg,0.04206510525851173,7.622222222222222,0.9222222222222223
2026-04-01,ICU,0.1006433539175085,2.638888888888889,1.0
2026-04-01,Step-Down,0.10924072271691823,4.133333333333334,0.9777777777777777
2026-04-01,Med-Surg,0.0489150313268279,8.222222222222221,1.0
2026-06-30,ICU,0.21497614048386177,3.9444444444444446,0.9333333333333333
2026-06-30,Step-Down,0.18049411902006615,5.455555555555556,0.9
2026-06-30,Med-Surg,0.05709109837318248,9.95,0.9111111111111111
