origin,unit,model,MAE,WAPE,WAPE_weekly
2025-07-01,ICU,Seasonal naive (4-wk same weekday),2.25,0.43926247288503256,0.21379310344827587
2025-07-01,ICU,Same day last year,2.5555555555555554,0.49891540130151846,0.22298850574712645
2025-07-01,ICU,Poisson GLM,1.9082831637237783,0.3725498584276357,0.15041500013950826
2025-07-01,ICU,GLM + level correction,1.935470805181532,0.377857640924811,0.16238651578759236
2025-07-01,Step-Down,Seasonal naive (4-wk same weekday),2.558333333333333,0.2640481651376147,0.12776412776412777
2025-07-01,Step-Down,Same day last year,3.4555555555555557,0.356651376146789,0.1683046683046683
2025-07-01,Step-Down,Poisson GLM,2.649917995844029,0.27350071058023234,0.13956250271488738
2025-07-01,Step-Down,GLM + level correction,2.6502316021821324,0.27353307820687145,0.14295853598805897
2025-07-01,Med-Surg,Seasonal naive (4-wk same weekday),5.866666666666666,0.17300131061598953,0.05688202247191011
2025-07-01,Med-Surg,Same day last year,7.366666666666666,0.21723460026212318,0.09304775280898876
2025-07-01,Med-Surg,Poisson GLM,5.339188518264189,0.15744658146912746,0.06070523871868209
2025-07-01,Med-Surg,GLM + level correction,5.365701568343129,0.15822842108482357,0.06140549148675346
2025-10-01,ICU,Seasonal naive (4-wk same weekday),2.6,0.4112478031634446,0.2783018867924528
2025-10-01,ICU,Same day last year,3.111111111111111,0.492091388400703,0.1509433962264151
2025-10-01,ICU,Poisson GLM,2.1002711762246213,0.3322045797191844,0.10762756555395561
2025-10-01,ICU,GLM + level correction,2.1131381863667866,0.3342397834323564,0.11387271041406452
2025-10-01,Step-Down,Seasonal naive (4-wk same weekday),4.569444444444445,0.3688340807174888,0.2743022136669875
2025-10-01,Step-Down,Same day last year,4.4,0.35515695067264574,0.1530317613089509
2025-10-01,Step-Down,Poisson GLM,3.4842453995030946,0.28123953897334397,0.11172766573292002
2025-10-01,Step-Down,GLM + level correction,3.4508318523616235,0.2785424813565436,0.12057078355047683
2025-10-01,Med-Surg,Seasonal naive (4-wk same weekday),8.530555555555555,0.19900207361327113,0.1541258741258741
2025-10-01,Med-Surg,Same day last year,7.788888888888889,0.18170036288232244,0.09482517482517483
2025-10-01,Med-Surg,Poisson GLM,5.369446386095444,0.12525924695401502,0.06142403372738464
2025-10-01,Med-Surg,GLM + level correction,5.369310049046235,0.12525606646297593,0.06141970545989055
2026-01-01,ICU,Seasonal naive (4-wk same weekday),2.3472222222222223,0.3667534722222222,0.109375
2026-01-01,ICU,Same day last year,3.0,0.46875,0.17279411764705882
2026-01-01,ICU,Poisson GLM,2.0822309873360103,0.32534859177125164,0.11580885987285529
2026-01-01,ICU,GLM + level correction,2.075724201742512,0.32433190652226757,0.11526178088043096
2026-01-01,Step-Down,Seasonal naive (4-wk same weekday),4.036111111111111,0.3275473399458972,0.2134502923976608
2026-01-01,Step-Down,Same day last year,4.388888888888889,0.35617673579801623,0.13157894736842105
2026-01-01,Step-Down,Poisson GLM,3.057214912464796,0.2481058089466471,0.11921848772716413
2026-01-01,Step-Down,GLM + level correction,3.1290413883762933,0.2539348286328822,0.1358679472745145
2026-01-01,Med-Surg,Seasonal naive (4-wk same weekday),9.816666666666666,0.2356,0.1844111832815589
2026-01-01,Med-Surg,Same day last year,8.366666666666667,0.2008,0.09291160689070883
2026-01-01,Med-Surg,Poisson GLM,6.129009936540034,0.14709623847696082,0.07309169425587125
2026-01-01,Med-Surg,GLM + level correction,6.568093045782772,0.15763423309878655,0.08769120848954723
2026-04-01,ICU,Seasonal naive (4-wk same weekday),2.2944444444444443,0.3782051282051282,0.16338582677165353
2026-04-01,ICU,Same day last year,2.7666666666666666,0.45604395604395603,0.14763779527559054
2026-04-01,ICU,Poisson GLM,2.113037992582579,0.3483029658103152,0.11496527133457356
2026-04-01,ICU,GLM + level correction,2.09036668052006,0.3445659363494604,0.11173451570542482
2026-04-01,Step-Down,Seasonal naive (4-wk same weekday),3.3444444444444446,0.3202127659574468,0.2106164383561644
2026-04-01,Step-Down,Same day last year,3.6444444444444444,0.34893617021276596,0.12442922374429223
2026-04-01,Step-Down,Poisson GLM,2.779138545609007,0.26608773309022404,0.08288054834702688
2026-04-01,Step-Down,GLM + level correction,2.7900435479420405,0.2671318290582805,0.0915433313044352
2026-04-01,Med-Surg,Seasonal naive (4-wk same weekday),6.366666666666666,0.1691762621789194,0.07207914572864321
2026-04-01,Med-Surg,Same day last year,7.511111111111111,0.19958665485680543,0.057474874371859296
2026-04-01,Med-Surg,Poisson GLM,5.269331028868144,0.14001765355716947,0.03697720413910706
2026-04-01,Med-Surg,GLM + level correction,5.3313528689586605,0.14166570953831692,0.042600062637766764
2026-06-30,ICU,Seasonal naive (4-wk same weekday),2.375,0.475,0.24761904761904763
2026-06-30,ICU,Same day last year,2.1666666666666665,0.43333333333333335,0.11666666666666667
2026-06-30,ICU,Poisson GLM,1.9527554239542986,0.3905510847908597,0.1720495101422359
2026-06-30,ICU,GLM + level correction,1.9843433337940701,0.39686866675881405,0.18478751743136423
2026-06-30,Step-Down,Seasonal naive (4-wk same weekday),2.7472222222222222,0.28354357798165136,0.08302122347066167
2026-06-30,Step-Down,Same day last year,4.133333333333334,0.42660550458715596,0.1560549313358302
2026-06-30,Step-Down,Poisson GLM,2.7528086256605224,0.2841201563181732,0.08860273876564098
2026-06-30,Step-Down,GLM + level correction,2.7593762877860892,0.28479801135406885,0.09052804659562262
2026-06-30,Med-Surg,Seasonal naive (4-wk same weekday),5.419444444444444,0.14947900704872816,0.06086387434554974
2026-06-30,Med-Surg,Same day last year,7.033333333333333,0.19399325773827766,0.09096858638743456
2026-06-30,Med-Surg,Poisson GLM,4.90181040912026,0.13520163555648892,0.05283129046471458
2026-06-30,Med-Surg,GLM + level correction,4.900814307497987,0.13517416110169134,0.05238768025618315
